timestamp,icao24,callsign,origin_country,time_position,last_contact,longitude,latitude,baro_altitude,on_ground,velocity,heading,vertical_rate,sensors,geo_altitude,squawk,spi,position_source
1613378305,484351,P4AND   ,Kingdom of the Netherlands,1613378305,1613378305,2.0214,49.0518,13555.98,False,247.04,136.1,1.63,,13555.98,5222,False,0
1613392050,4b0f8f,HBFXF   ,Switzerland,1613392050,1613392050,1.9962,49.0519,8229.6,False,157.04,144.33,0,,8382,0503,False,0
1613392075,4b0f8f,HBFXF   ,Switzerland,1613392075,1613392075,2.0273,49.0233,8229.6,False,156.74,144.48,0,,8382,0503,False,0
1613393339,4405aa,LDX7C   ,Austria,1613393339,1613393339,2.0234,49.0224,12496.8,False,245.15,29.69,0,,12512.04,2321,False,0
1613393765,02001b,RAM854  ,Morocco,1613393764,1613393764,2.0742,49.0286,10972.8,False,236.05,24.05,0,,11049,1000,False,0
1613396464,394a06,AFR006  ,France,1613396464,1613396464,2.0578,49.0428,3390.9,False,149.66,274.53,6.83,,3528.06,,False,0
1613396490,394a06,AFR006  ,France,1613396489,1613396489,2.004,49.0456,3550.92,False,164.61,274.48,6.5,,3688.08,,False,0
1613397755,39c423,AFR688  ,France,1613397754,1613397754,2.0771,49.0378,3200.4,False,134.27,270,4.55,,3329.94,,False,0
1613397779,39c423,AFR688  ,France,1613397779,1613397779,2.0288,49.0375,3307.08,False,146.62,269.4,4.55,,3436.62,,False,0
1613397875,c023c5,ACA871  ,Canada,1613397874,1613397875,2.0354,49.0442,3870.96,False,173.92,274.58,11.7,,4008.12,,False,0
1613399605,48597d,TRA76X  ,Kingdom of the Netherlands,1613399605,1613399605,2.0549,49.0189,12192,False,225.95,27.38,0,,12214.86,1000,False,0
1613399624,48597d,TRA76X  ,Kingdom of the Netherlands,1613399624,1613399624,2.0824,49.0539,12192,False,225.95,27.38,0,,12214.86,1000,False,0
1613404070,34604d,AEA1093 ,Spain,1613404069,1613404069,2.0584,49.0559,12192,False,233.62,24.87,0,,12222.48,1000,False,0
1613412780,44083b,EJU109Z ,Austria,1613412780,1613412780,2.0804,49.0252,7955.28,False,210.05,26.63,-7.48,,8130.54,1000,False,0
1613428450,3c70b6,BCS8049 ,Germany,1613428449,1613428449,2.069,49.0428,11582.4,False,233.21,19.99,0,,11643.36,5504,False,0
1613451210,4409ae,TAY4958 ,Austria,1613451209,1613451210,2.0292,49.0331,9448.8,False,204.62,229.18,0,,9525,7155,False,0
1613459500,4d225a,RYR5223 ,Malta,1613459499,1613459500,2.0077,49.0434,5501.64,False,176.46,179.83,16.26,,5593.08,,False,0
1613464335,3b77ef,CTM0032 ,France,1613464335,1613464335,2.0685,49.0212,2819.4,False,116.99,30.96,12.03,,2910.84,,False,0
1613470739,39d569,VLJ359H ,France,1613470739,1613470739,2.0837,49.0477,830.58,False,94.32,329.52,-2.93,,891.54,,False,0
1613478365,406eec,VCG1XP  ,United Kingdom,1613478364,1613478364,2.0389,49.0508,12496.8,False,198.84,154.89,0,,12420.6,0502,False,0
1613478385,406eec,VCG1XP  ,United Kingdom,1613478384,1613478384,2.062,49.0184,12496.8,False,199.53,154.82,0,,12420.6,0502,False,0
1613487554,394a63,BGA313D ,France,1613487554,1613487554,2.0416,49.0384,9745.98,False,237.31,29.62,0,,9730.74,2310,False,0
1613492095,4bc9ab,KOC01   ,Turkey,1613492095,1613492095,2.0249,49.033,10058.4,False,250.22,144.71,0,,10012.68,1163,False,0
1613537780,440760,TAY4958 ,Austria,1613537780,1613537780,2.0108,49.0439,10073.64,False,191.84,229.13,-0.33,,9944.1,7155,False,0
1613551075,342106,IBE32FK ,Spain,1613551074,1613551074,2.0231,49.0443,10972.8,False,233.55,30.29,0.33,,10873.74,2334,False,0
1613563139,4d21a2,AMC101  ,Malta,1613563139,1613563139,2.053,49.0515,11887.2,False,239.04,153.27,0,,11780.52,5233,False,0
1613564234,44052d,GAC886Q ,Austria,1613564234,1613564234,2.017,49.0573,10668,False,204.83,135.92,0,,10614.66,1000,False,0
1613564259,44052d,GAC886Q ,Austria,1613564259,1613564259,2.0663,49.0238,10668,False,204.47,136.02,0,,10614.66,1000,False,0
1613581850,461f38,FIN6TV  ,Finland,1613581849,1613581849,1.9968,49.0271,11574.78,False,247.9,28.37,0,,11490.96,2322,False,0
1613597785,ac2d32,FDX38   ,United States,1613597785,1613597785,2.0179,49.0392,1196.34,False,105.01,123.61,-0.33,,1257.3,6326,False,0
1613597815,ac2d32,FDX38   ,United States,1613597814,1613597815,2.052,49.0243,1196.34,False,97.31,123.35,0,,1257.3,6326,False,0
1613598294,e80241,LCO1507 ,Chile,1613598294,1613598294,1.9952,49.023,8237.22,False,208.24,244.38,0.33,,8214.36,5064,False,0
1613599734,ac972c,FDX36   ,United States,1613599734,1613599734,2.0586,49.0458,1379.22,False,107.15,176.97,-2.93,,1432.56,1000,False,0
1613599759,ac972c,FDX36   ,United States,1613599759,1613599759,2.0656,49.0223,1303.02,False,108.16,152.22,-2.6,,1356.36,1000,False,0
1613600800,acbeab,FDX5195 ,United States,1613600799,1613600799,2.0818,49.0357,1196.34,False,85.52,215.7,-0.33,,1249.68,3522,False,0
1613600990,3922f3,FPO842  ,France,1613600989,1613600989,2.0615,49.0447,1501.14,False,108.7,177.02,0,,,1000,False,0
1613601015,3922f3,FPO842  ,France,1613601014,1613601014,2.0636,49.021,1501.14,False,108.31,175.91,0.98,,,1000,False,0
1613601085,ac7364,FDX5187 ,United States,1613601084,1613601084,2.0465,49.0411,1196.34,False,89.5,152.99,-0.65,,1249.68,1000,False,0
1613601110,ac7364,FDX5187 ,United States,1613601109,1613601109,2.0671,49.0255,1196.34,False,93.13,134.55,-0.33,,1249.68,1000,False,0
1613601130,ac7364,FDX5187 ,United States,1613601129,1613601129,2.0855,49.0138,1196.34,False,92.78,133.88,0,,1249.68,1000,False,0
1613601439,396673,FPO720  ,France,1613601439,1613601439,2.0805,49.0471,1501.14,False,107.64,177.26,0,,,1000,False,0
1613601459,396673,FPO720  ,France,1613601459,1613601459,2.0821,49.0277,1501.14,False,107.13,177.25,0,,,1000,False,0
1613601745,3922f4,FPO704  ,France,1613601744,1613601744,2.0057,49.052,1943.1,False,123.45,195.72,-8.78,,,1000,False,0
1613601769,3922f4,FPO704  ,France,1613601769,1613601769,2.0092,49.0248,1729.74,False,125.77,165.79,-8.13,,,1000,False,0
1613602474,342551,SWT4CE  ,Spain,1613602474,1613602474,2.0493,49.0538,1219.2,False,95.55,148.88,-0.33,,1242.06,1000,False,0
1613602499,342551,SWT4CE  ,Spain,1613602499,1613602499,2.0694,49.0357,1219.2,False,101.73,146.55,0.33,,1242.06,1000,False,0
1613602519,342551,SWT4CE  ,Spain,1613602519,1613602519,2.0846,49.0203,1219.2,False,101.73,146.55,0,,1242.06,1000,False,0
1613602594,a026a5,FDX5201 ,United States,1613602594,1613602594,2.0001,49.0287,1264.92,False,117.9,110.97,0,,1318.26,6302,False,0
1613602614,a026a5,FDX5201 ,United States,1613602614,1613602614,2.0305,49.021,1249.68,False,119.41,111.48,-1.63,,1303.02,6302,False,0
1613603209,4cabc3,ABR1RG  ,Ireland,1613603209,1613603209,2.0367,49.0574,1211.58,False,95.69,180,0,,1249.68,4140,False,0
1613603230,4cabc3,ABR1RG  ,Ireland,1613603230,1613603230,2.0395,49.0392,1203.96,False,94.69,160.97,0,,1242.06,4140,False,0
1613603255,4cabc3,ABR1RG  ,Ireland,1613603254,1613603254,2.0609,49.0229,1211.58,False,101.56,127.8,0,,1249.68,4140,False,0
1613603349,ad9302,FDX5053 ,United States,1613603349,1613603349,2.0739,49.0513,1295.4,False,98.31,222.46,-2.6,,1341.12,1000,False,0
1613603369,ad9302,FDX5053 ,United States,1613603369,1613603369,2.0568,49.0392,1249.68,False,86.96,223.8,-2.6,,1295.4,1000,False,0
1613603394,ad9302,FDX5053 ,United States,1613603394,1613603394,2.0436,49.0239,1203.96,False,75,193.08,-0.65,,1249.68,1000,False,0
1613603514,ad7a5f,FDX5029 ,United States,1613603514,1613603514,2.0366,49.0547,1203.96,False,89.78,139.65,0,,1249.68,1000,False,0
1613603540,ad7a5f,FDX5029 ,United States,1613603540,1613603540,2.057,49.0388,1203.96,False,89.06,139.69,0,,1249.68,1000,False,0
1613603560,ad7a5f,FDX5029 ,United States,1613603559,1613603559,2.0722,49.027,1203.96,False,88.33,139.72,0,,1249.68,1000,False,0
1613604080,ad0799,FDX5112 ,United States,1613604079,1613604079,2.0079,49.0425,1203.96,False,102.47,122.49,0,,1242.06,1000,False,0
1613604105,ad0799,FDX5112 ,United States,1613604104,1613604105,2.0367,49.0305,1211.58,False,97.89,122.77,0,,1249.68,1000,False,0
1613604130,ad0799,FDX5112 ,United States,1613604129,1613604129,2.0646,49.0185,1211.58,False,97.03,123.1,0,,1249.68,1000,False,0
1613604220,abd6c6,FDX4    ,United States,1613604219,1613604220,2.0239,49.0485,1203.96,False,90.36,131.77,0,,1249.68,4102,False,0
1613604245,abd6c6,FDX4    ,United States,1613604244,1613604245,2.0474,49.0347,1203.96,False,90.36,131.77,0,,1249.68,4102,False,0
1613604270,abd6c6,FDX4    ,United States,1613604269,1613604269,2.0705,49.0213,1203.96,False,90.36,131.77,0,,1249.68,4102,False,0
1613604340,342545,SWT2KT  ,Spain,1613604339,1613604339,2.0143,49.0288,1211.58,False,111.39,115.14,0,,1242.06,1000,False,0
1613604365,342545,SWT2KT  ,Spain,1613604364,1613604364,2.0441,49.0195,1211.58,False,89.76,115.1,0,,1242.06,1000,False,0
1613604770,aca9bf,FDX5181 ,United States,1613604769,1613604769,2.0127,49.051,1203.96,False,97.3,128.99,0,,1242.06,3525,False,0
1613604794,aca9bf,FDX5181 ,United States,1613604794,1613604794,2.0385,49.0372,1203.96,False,95.45,129.09,0.33,,1242.06,3525,False,0
1613604819,aca9bf,FDX5181 ,United States,1613604819,1613604819,2.0638,49.0235,1196.34,False,96.17,129.14,-0.33,,1234.44,3525,False,0
1613605735,3922ed,TAY4635 ,France,1613605734,1613605734,2.0213,49.0396,1447.8,False,111.39,176.03,-3.58,,,1000,False,0
1613605755,3922ed,TAY4635 ,France,1613605755,1613605755,2.0236,49.0186,1371.6,False,111.39,176.03,-3.25,,,1000,False,0
1613616439,4ca7f9,BCS2586 ,Ireland,1613616439,1613616439,2.0792,49.0502,1325.88,False,111.96,126.03,-0.65,,,6306,False,0
1613618010,a40455,UPS218  ,United States,1613618009,1613618009,2.0716,49.0535,1348.74,False,90.47,202.04,-0.65,,1371.6,4113,False,0
1613618035,a40455,UPS218  ,United States,1613618034,1613618034,2.0777,49.034,1348.74,False,94.69,150.37,-0.98,,1363.98,4113,False,0
1613621734,39c429,AFR333  ,France,1613621734,1613621734,2.0857,49.048,1379.22,False,111.99,130.72,-2.6,,1402.08,6304,False,0
1613621970,396446,AFR805  ,France,1613621969,1613621969,2.081,49.0348,1554.48,False,111.28,197.76,0,,1577.34,6402,False,0
1613621990,396446,AFR805  ,France,1613621989,1613621989,2.0718,49.0159,1546.86,False,111.62,197.43,-0.33,,1569.72,6402,False,0
1613622625,396441,AFR831  ,France,1613622624,1613622625,2.0453,49.0402,1546.86,False,116.16,175.17,0,,1569.72,6403,False,0
1613622645,396441,AFR831  ,France,1613622644,1613622645,2.0477,49.0192,1554.48,False,115.61,175.41,0.33,,1577.34,6403,False,0
1613622740,39c426,AFR257  ,France,1613622739,1613622739,2.0318,49.0344,1554.48,False,113.71,178.96,-1.63,,1569.72,1000,False,0
1613622905,39c427,AFR815  ,France,1613622904,1613622905,2.0535,49.0373,1539.24,False,99.75,188,0,,1562.1,1000,False,0
1613622930,39c427,AFR815  ,France,1613622929,1613622929,2.0547,49.016,1546.86,False,96.29,173.56,-0.33,,1562.1,1000,False,0
1613623045,394a05,AFR995  ,France,1613623045,1613623045,2.0655,49.0393,1844.04,False,116.86,174.19,-5.53,,1866.9,6404,False,0
1613623070,394a05,AFR995  ,France,1613623070,1613623070,2.0716,49.0139,1744.98,False,113.89,160.75,-2.6,,1767.84,6404,False,0
1613623280,3965b0,AFR6706 ,France,1613623280,1613623280,2.0153,49.0421,1691.64,False,138.33,130.32,-4.88,,1706.88,6307,False,0
1613623300,3965b0,AFR6706 ,France,1613623300,1613623300,2.0481,49.0289,1600.2,False,139.88,116.66,-3.9,,1615.44,6307,False,0
1613624164,04014d,ETH704  ,Ethiopia,1613624164,1613624164,2.0735,49.0331,1684.02,False,111.05,194.49,-5.53,,1691.64,1000,False,0
1613624284,06a19f,QTR2EV  ,Qatar,1613624284,1613624284,2.0735,49.0471,1653.54,False,111.94,195.19,-3.9,,1668.78,1000,False,0
1613624309,06a19f,QTR2EV  ,Qatar,1613624309,1613624309,2.0737,49.0224,1569.72,False,111.98,175.52,-3.25,,1584.96,1000,False,0
1613624399,39c423,AFR655  ,France,1613624399,1613624399,2.0747,49.0555,1546.86,False,110.44,175.46,-0.33,,1554.48,1000,False,0
1613624425,39c423,AFR655  ,France,1613624424,1613624424,2.0779,49.0308,1546.86,False,110.95,175.48,0,,1562.1,1000,False,0
1613624544,781737,CSN347  ,China,1613624544,1613624544,2.0711,49.0543,1554.48,False,105.67,176.37,0,,1562.1,1000,False,0
1613624564,781737,CSN347  ,China,1613624564,1613624564,2.0729,49.0353,1554.48,False,106.19,176.39,0,,1562.1,1000,False,0
1613624684,8990d8,EVA087  ,Taiwan,1613624684,1613624684,2.0775,49.0544,1645.92,False,110.15,199.37,-1.3,,1661.16,3514,False,0
1613624704,8990d8,EVA087  ,Taiwan,1613624704,1613624704,2.0701,49.0351,1615.44,False,111.35,183.71,-1.63,,1630.68,3514,False,0
1613625830,39c424,AFR345  ,France,1613625829,1613625829,2.0577,49.054,1859.28,False,137.93,133.34,-5.2,,1874.52,6301,False,0
1613628530,394a01,AFR351  ,France,1613628530,1613628530,2.0241,49.0161,1501.14,False,135.02,133.3,-5.2,,1516.38,6320,False,0
1613630120,06a080,QTR8142 ,Qatar,1613630119,1613630119,1.9919,49.0419,11056.62,False,265.46,79.28,-5.85,,10934.7,7472,False,0
1613630145,06a080,QTR8142 ,Qatar,1613630144,1613630144,2.0807,49.053,10919.46,False,269.09,79.31,-5.2,,10805.16,7472,False,0
1613630820,780219,CPA037  ,China,1613630819,1613630819,2.0175,49.0518,1752.6,False,109.37,184.32,-3.25,,1744.98,3517,False,0
1613630845,780219,CPA037  ,China,1613630844,1613630844,2.0197,49.0267,1668.78,False,111.94,175.78,-3.9,,1661.16,3517,False,0
1613631640,394a02,AFR007  ,France,1613631639,1613631639,2.022,49.0369,1600.2,False,130.88,122.32,-5.2,,1607.82,6302,False,0
1613631665,394a02,AFR007  ,France,1613631664,1613631664,2.0591,49.0214,1501.14,False,126.58,122.72,-2.28,,1508.76,6302,False,0
1613632295,c023c7,ACA7212 ,Canada,1613632295,1613632295,2.0173,49.0507,1554.48,False,112.08,136.49,0,,1554.48,6327,False,0
1613632320,c023c7,ACA7212 ,Canada,1613632320,1613632320,2.0444,49.0317,1554.48,False,117.94,137.12,0,,1562.1,6327,False,0
1613632340,c023c7,ACA7212 ,Canada,1613632339,1613632339,2.0654,49.0167,1554.48,False,117.94,137.12,0,,1562.1,6327,False,0
1613632530,3951c2,AFR165  ,France,1613632529,1613632530,2.0222,49.0553,1569.72,False,113.64,174.81,-2.28,,1569.72,1000,False,0
1613632555,3951c2,AFR165  ,France,1613632554,1613632555,2.0257,49.0303,1554.48,False,108.52,174.56,0,,1562.1,1000,False,0
1613633510,3b770d,CTM1279 ,France,1613633509,1613633509,2.0674,49.0173,6263.64,False,197.31,6.59,12.03,,6263.64,,False,0
1613634049,39cf05,AFR225  ,France,1613634049,1613634049,2.0544,49.0551,1562.1,False,98.69,174.62,0,,1562.1,1000,False,0
1613634074,39cf05,AFR225  ,France,1613634074,1613634074,2.0575,49.0341,1554.48,False,91.53,174.19,0,,1562.1,1000,False,0
1613634095,39cf05,AFR225  ,France,1613634094,1613634094,2.0601,49.0176,1562.1,False,92.09,173.91,0.33,,1569.72,1000,False,0
1613634260,7811a3,CCA675  ,China,1613634259,1613634259,2.0747,49.0232,1554.48,False,84.3,209.22,-0.65,,1554.48,3525,False,0
1613634844,39856e,AFR11MX ,France,1613634844,1613634844,2.0475,49.0443,1531.62,False,106.51,171.95,-2.93,,1546.86,1000,False,0
1613634870,39856e,AFR11MX ,France,1613634870,1613634870,2.0542,49.0199,1463.04,False,111.61,154.62,-1.95,,1478.28,1000,False,0
1613635105,346083,AEA1091 ,Spain,1613635104,1613635104,2.0608,49.0513,11582.4,False,255.07,24.55,0,,11437.62,1000,False,0
1613635105,484166,KLM37P  ,Kingdom of the Netherlands,1613635104,1613635104,2.0824,49.05,1264.92,False,98.11,197.39,-0.33,,1226.82,1000,False,0
1613635125,484166,KLM37P  ,Kingdom of the Netherlands,1613635124,1613635125,2.0839,49.0327,1264.92,False,100.78,152.65,0.98,,1226.82,1000,False,0
1613635150,8005f2,AIC143  ,India,1613635149,1613635149,1.9941,49.0454,1562.1,False,99.51,176.15,-0.33,,1562.1,3216,False,0
1613635175,8005f2,AIC143  ,India,1613635174,1613635174,1.998,49.0233,1562.1,False,98.59,172.5,0.33,,1562.1,3216,False,0
1613635290,451d85,LZB431  ,Bulgaria,1613635289,1613635290,1.9954,49.034,1562.1,False,107.6,171.75,0.33,,1577.34,1151,False,0
1613635734,aa6ccb,AAL48   ,United States,1613635734,1613635734,2.0142,49.0238,1569.72,False,113.52,136.1,-1.95,,1569.72,6332,False,0
1613635759,0200f9,MAC127F ,Morocco,1613635759,1613635759,2.0408,49.0205,11567.16,False,255.54,24.5,0.33,,11422.38,1000,False,0
1613636674,394a0c,AFR5395 ,France,1613636674,1613636674,2.035,49.0452,1356.36,False,128.5,132.89,0.33,,1363.98,6321,False,0
1613636694,394a0c,AFR5395 ,France,1613636694,1613636694,2.0601,49.03,1363.98,False,118,132.17,0.33,,1371.6,6321,False,0
1613649305,394a60,BGA113A ,France,1613649305,1613649305,2.013,49.0239,8526.78,False,234.42,30.9,0,,8465.82,2323,False,0
1613650600,48520c,TRA76X  ,Kingdom of the Netherlands,1613650599,1613650599,2.01,49.0303,11582.4,False,246.51,30.47,-0.33,,11422.38,1000,False,0
1613651044,39b832,FHOBS   ,France,1613651044,1613651044,1.996,49.022,510.54,False,85.32,22.7,-0.33,,502.92,,False,0
1613651065,39b832,FHOBS   ,France,1613651064,1613651064,2.0048,49.0364,510.54,False,82.92,21.47,0,,502.92,,False,0
1613651089,39b832,FHOBS   ,France,1613651089,1613651089,2.015,49.0537,510.54,False,82.44,21.6,0,,502.92,,False,0
1613653525,3990e4,FHEHE   ,France,1613653524,1613653524,2.0011,49.0543,510.54,False,62.67,218,-0.33,,495.3,,False,0
1613656345,39b9cb,FHOOL   ,France,1613656344,1613656344,1.9985,49.0424,1272.54,False,45.89,137.73,1.95,,1242.06,,False,0
1613656370,39b9cb,FHOOL   ,France,1613656369,1613656369,2.0064,49.0337,1272.54,False,46.33,150.02,0,,1226.82,,False,0
1613656395,39b9cb,FHOOL   ,France,1613656394,1613656394,2.014,49.0252,1272.54,False,44.03,149.84,0,,1242.06,,False,0
1613656420,39b9cb,FHOOL   ,France,1613656419,1613656419,2.0216,49.0164,1272.54,False,45.62,150.26,0.65,,1242.06,,False,0
1613659070,0101dc,MSR778  ,Egypt,1613659069,1613659070,2.0027,49.0459,11887.2,False,256.46,134.76,-0.33,,11711.94,2267,False,0
1613659189,4d0111,CLX7604 ,Luxembourg,1613659189,1613659189,2.0554,49.0149,8846.82,False,210.32,244.5,1.3,,8717.28,3503,False,0
1613668710,484f7e,KLM92N  ,Kingdom of the Netherlands,1613668709,1613668709,2.0682,49.0421,12192,False,238.98,24.41,0,,12016.74,5347,False,0
1613672079,06a1ec,QTR8132 ,Qatar,1613672079,1613672079,2.0552,49.0209,10668,False,265.96,78.17,0,,10530.84,7474,False,0
1613672705,47aed2,NWG883  ,Norway,1613672704,1613672704,2.0361,49.0177,13716,False,242.72,26.29,-0.33,,13563.6,2302,False,0
1613672725,47aed2,NWG883  ,Norway,1613672724,1613672724,2.0653,49.0568,13716,False,242.51,25.91,0,,13563.6,2302,False,0
1613676880,4841d9,TRA2592 ,Kingdom of the Netherlands,1613676879,1613676879,2.0623,49.0314,12192,False,223.78,24.44,0,,12001.5,1000,False,0
1613681194,04014e,ETH701  ,Ethiopia,1613681194,1613681194,2.0664,49.0473,10698.48,False,288.72,137.38,2.6,,10614.66,1160,False,0
1613686080,a07176,AMX004  ,United States,1613686079,1613686079,2.0721,49.0421,3627.12,False,150.72,274.7,7.8,,3604.26,,False,0
1613686105,a07176,AMX004  ,United States,1613686104,1613686104,2.0177,49.045,3771.9,False,164.1,274.5,5.53,,3749.04,,False,0
1613709860,407345,BCS28P  ,United Kingdom,1613709859,1613709860,2.0743,49.0245,11582.4,False,209.46,236.62,0.33,,11597.64,1000,False,0
1613715290,a05627,UAL57   ,United States,1613715289,1613715289,2.058,49.0467,1493.52,False,116.82,133.39,0,,1524,6314,False,0
1613715315,a05627,UAL57   ,United States,1613715314,1613715314,2.0857,49.0297,1501.14,False,105.93,132.84,0.33,,1531.62,6314,False,0
1613716415,484b90,KLM23P  ,Kingdom of the Netherlands,1613716415,1613716415,2.0832,49.0534,1196.34,False,97.94,176.39,0,,1188.72,1000,False,0
1613716905,3986e5,AFR773J ,France,1613716904,1613716904,2.0025,49.0569,1485.9,False,132.05,135.16,-0.33,,1524,1755,False,0
1613716929,3986e5,AFR773J ,France,1613716929,1613716929,2.0324,49.0374,1493.52,False,120.05,134.65,0,,1531.62,1755,False,0
1613716950,3986e5,AFR773J ,France,1613716949,1613716949,2.0566,49.022,1485.9,False,119.71,133.78,0,,1524,1755,False,0
1613717069,44ccc3,BEL305  ,Belgium,1613717069,1613717069,2.0616,49.0273,12192,False,232.57,30.88,0,,12207.24,1016,False,0
1613718310,acad76,FDX9157 ,United States,1613718310,1613718310,2.0764,49.0459,1196.34,False,104.47,171.79,0,,1234.44,1000,False,0
1613718329,acad76,FDX9157 ,United States,1613718329,1613718329,2.0844,49.0284,1196.34,False,109.69,150.19,0.33,,1234.44,1000,False,0
1613719410,4d00d5,LGL8011 ,Luxembourg,1613719409,1613719409,2.0649,49.0444,1516.38,False,94.28,176.87,-1.63,,1562.1,3504,False,0
1613719430,4d00d5,LGL8011 ,Luxembourg,1613719429,1613719429,2.0663,49.0274,1501.14,False,93.23,177.15,-0.33,,1546.86,3504,False,0
1613719550,39856d,AFR13XB ,France,1613719549,1613719549,2.0475,49.0559,1501.14,False,99.4,251.28,-0.98,,1539.24,3523,False,0
1613719570,39856d,AFR13XB ,France,1613719569,1613719569,2.0282,49.0444,1501.14,False,98.69,201.08,-0.33,,1539.24,3523,False,0
1613719595,39856d,AFR13XB ,France,1613719594,1613719594,2.0276,49.0222,1493.52,False,100.79,174.43,0,,1531.62,3523,False,0
1613722689,394a0c,AFR007  ,France,1613722689,1613722689,2.0197,49.0356,1508.76,False,138.94,130.95,-2.28,,1562.1,6334,False,0
1613722710,394a0c,AFR007  ,France,1613722709,1613722709,2.0478,49.0196,1501.14,False,130.96,130.7,0,,1554.48,6334,False,0
1613723015,4ca2cb,EIN52A  ,Ireland,1613723013,1613723014,1.9947,49.0535,1775.46,False,125.5,135.5,-3.25,,1783.08,6301,False,0
1613723040,4ca2cb,EIN52A  ,Ireland,1613723039,1613723039,2.0247,49.0334,1691.64,False,119.32,135.35,-3.25,,1699.26,6301,False,0
1613723065,4ca2cb,EIN52A  ,Ireland,1613723064,1613723064,2.0516,49.0157,1638.3,False,110.22,134.81,-1.63,,1645.92,6301,False,0
1613723204,3949ec,AFR739  ,France,1613723203,1613723204,2.0041,49.0396,2042.16,False,139.24,128.1,-2.28,,2087.88,1000,False,0
1613723229,3949ec,AFR739  ,France,1613723229,1613723229,2.0411,49.0205,1965.96,False,133.38,128.11,-4.88,,2011.68,1000,False,0
1613723439,39c429,AFR689  ,France,1613723439,1613723439,2.0252,49.052,1790.7,False,139.32,134.85,-7.8,,1836.42,6302,False,0
1613723460,39c429,AFR689  ,France,1613723459,1613723459,2.0516,49.0349,1684.02,False,134.96,134.54,-3.25,,1729.74,6302,False,0
1613725145,3951c2,AFR6731 ,France,1613725144,1613725144,2.0275,49.0473,1790.7,False,138.28,136.51,-5.85,,1836.42,5226,False,0
1613725170,3951c2,AFR6731 ,France,1613725169,1613725169,2.0596,49.0248,1645.92,False,136.87,137.13,-6.83,,1691.64,5226,False,0
1613725290,ab0a9d,DAL262  ,United States,1613725290,1613725290,2.0205,49.0356,1501.14,False,130.32,118.79,0,,1546.86,6322,False,0
1613725310,ab0a9d,DAL262  ,United States,1613725310,1613725310,2.0518,49.0243,1501.14,False,130.07,118.59,0,,1546.86,6322,False,0
1613725779,394a00,AFR099  ,France,1613725779,1613725779,2.0235,49.0211,1889.76,False,124.56,123.89,-5.2,,1935.48,6321,False,0
1613726995,394a05,AFR065  ,France,1613726994,1613726994,2.0188,49.0152,1531.62,False,122.28,123.16,0.33,,1577.34,6311,False,0
1613727765,39c426,AFR377  ,France,1613727765,1613727765,2.0148,49.0143,1600.2,False,137.27,124.46,-6.5,,1653.54,6305,False,0
1613727930,449825,BAF90   ,Belgium,1613727929,1613727929,2.0716,49.0525,8534.4,False,277.92,31.22,0,,8641.08,,False,0
1613728069,3965ab,AFR5397 ,France,1613728069,1613728069,2.0152,49.0378,1638.3,False,139.46,125.39,-6.18,,1691.64,6316,False,0
1613728094,3965ab,AFR5397 ,France,1613728094,1613728094,2.0568,49.023,1501.14,False,140.2,114.5,-4.88,,1546.86,6316,False,0
1613728115,4d02c2,JFA14A  ,Luxembourg,1613728114,1613728114,2.0579,49.0489,883.92,False,107.54,197.83,-0.33,,929.64,1000,False,0
1613728140,4d02c2,JFA14A  ,Luxembourg,1613728139,1613728139,2.0497,49.0263,891.54,False,103.92,179.43,-0.65,,937.26,1000,False,0
1613728915,3b77e8,CTM1103 ,France,1613728914,1613728914,2.0649,49.0517,1196.34,False,109.95,170.85,0,,,,False,0
1613728935,3b77e8,CTM1103 ,France,1613728934,1613728934,2.0714,49.0323,1196.34,False,113.3,155.88,0.33,,,,False,0
1613729569,398895,CALIBRA ,France,1613729569,1613729569,2.016,49.0497,708.66,False,81.56,222.44,0.65,,762,,False,0
1613729589,398895,CALIBRA ,France,1613729589,1613729589,2.0045,49.0372,708.66,False,83.63,197.54,-0.33,,762,,False,0
1613729615,398895,CALIBRA ,France,1613729614,1613729615,1.9967,49.0193,708.66,False,78.24,193.31,0.33,,762,,False,0
1613730879,398895,CALIBRA ,France,1613730878,1613730878,2.0703,49.0297,586.74,False,79.28,267.77,0,,640.08,,False,0
1613730879,4d20cd,VJT796  ,Malta,1613730879,1613730879,2.0738,49.036,13716,False,253.33,136.97,-0.65,,13685.52,5250,False,0
1613730899,398895,CALIBRA ,France,1613730899,1613730899,2.0484,49.0286,586.74,False,78.99,265.14,-0.33,,647.7,,False,0
1613730925,398895,CALIBRA ,France,1613730925,1613730925,2.0202,49.0288,586.74,False,80.86,283.24,0,,647.7,,False,0
1613730950,398895,CALIBRA ,France,1613730950,1613730950,1.995,49.0362,586.74,False,83.1,298.47,0,,640.08,,False,0
1613731180,aa9300,UAL2786 ,United States,1613731179,1613731180,2.0607,49.0528,1501.14,False,135.31,130.84,-0.65,,1546.86,6320,False,0
1613731955,398895,CALIBRA ,France,1613731954,1613731954,2.0394,49.051,586.74,False,80.36,230.19,0,,640.08,,False,0
1613731979,398895,CALIBRA ,France,1613731979,1613731979,2.0182,49.0398,586.74,False,81.23,231.17,-0.33,,640.08,,False,0
1613732000,398895,CALIBRA ,France,1613731999,1613731999,2.0007,49.0303,586.74,False,82.93,230.29,0,,640.08,,False,0
1613732494,398895,CALIBRA ,France,1613732494,1613732494,2.0255,49.0462,708.66,False,83.05,221.99,-0.33,,762,,False,0
1613732520,398895,CALIBRA ,France,1613732519,1613732519,2.007,49.033,708.66,False,78.57,225,-0.33,,762,,False,0
1613732540,398895,CALIBRA ,France,1613732539,1613732539,1.9919,49.0231,708.66,False,77.48,225.27,0.33,,762,,False,0
1613732869,398895,CALIBRA ,France,1613732868,1613732869,2.0371,49.0574,708.66,False,77.69,216.11,0.33,,762,,False,0
1613732894,398895,CALIBRA ,France,1613732893,1613732893,2.0207,49.0429,708.66,False,82.84,217.94,0,,762,,False,0
1613732915,398895,CALIBRA ,France,1613732913,1613732914,2.0066,49.0309,708.66,False,85.19,217.15,-0.33,,762,,False,0
1613733149,508395,AUI3FU  ,Ukraine,1613733149,1613733149,2.0242,49.0461,1828.8,False,111.18,174.16,0.33,,1866.9,1000,False,0
1613733174,508395,AUI3FU  ,Ukraine,1613733174,1613733174,2.029,49.021,1783.08,False,112.43,173.17,-3.9,,1828.8,1000,False,0
1613734275,51007f,BRU865  ,Belarus,1613734274,1613734274,2.0294,49.0476,1424.94,False,113.35,171.65,-1.95,,1485.9,1000,False,0
1613734300,51007f,BRU865  ,Belarus,1613734299,1613734299,2.035,49.022,1379.22,False,114.3,171.98,-1.95,,1440.18,1000,False,0
1613738234,3986e9,AFR17MN ,France,1613738233,1613738234,2.0732,49.023,1516.38,False,125.72,188,-2.6,,1562.1,1000,False,0
1613739105,398561,AFR1687 ,France,1613739104,1613739105,2.0001,49.0323,1569.72,False,120.1,133.26,-4.55,,1615.44,6342,False,0
1613739129,398561,AFR1687 ,France,1613739128,1613739129,2.0284,49.0146,1508.76,False,117.52,133.76,-0.33,,1554.48,6342,False,0
1613741384,3b770d,CTM0006 ,France,1613741384,1613741384,2.0578,49.0333,3307.08,False,163.8,29.54,8.78,,3360.42,,False,0
1613742275,867f68,JAL45   ,Japan,1613742275,1613742275,2.0453,49.0513,1645.92,False,112.04,225,-2.93,,1691.64,3524,False,0
1613742300,867f68,JAL45   ,Japan,1613742300,1613742300,2.0349,49.0278,1584.96,False,113.91,173.52,-2.6,,1638.3,3524,False,0
1613744625,44ccc3,BEL241  ,Belgium,1613744625,1613744625,2.0302,49.036,9151.62,False,219.4,226.24,3.58,,9265.92,7143,False,0
1613746414,3944ee,AFR17RR ,France,1613746414,1613746414,2.0731,49.0533,1219.2,False,102.69,216.24,0.33,,1211.58,1000,False,0
1613746435,3944ee,AFR17RR ,France,1613746434,1613746434,2.0692,49.0351,1219.2,False,108.2,164.84,0,,1211.58,1000,False,0
1613747515,71002a,SVA7859 ,Saudi Arabia,1613747514,1613747514,2.0793,49.0472,11269.98,False,259.13,117.94,0,,11369.04,2254,False,0
1613748015,39856f,AFR18MZ ,France,1613748014,1613748015,2.0035,49.0522,1524,False,138.04,132.13,0,,1569.72,2277,False,0
1613748035,39856f,AFR18MZ ,France,1613748035,1613748035,2.0329,49.0348,1524,False,138.04,132.13,0,,1569.72,2277,False,0
1613748060,39856f,AFR18MZ ,France,1613748060,1613748060,2.0668,49.0147,1524,False,128.64,131.6,0,,1569.72,2277,False,0
1613748860,ac30e9,FDX5217 ,United States,1613748860,1613748860,2.0634,49.04,1211.58,False,110.38,148.53,0,,1249.68,1000,False,0
1613752014,a066c7,FDX5046 ,United States,1613752014,1613752014,2.0234,49.029,1219.2,False,135.98,113.17,-0.65,,1257.3,6311,False,0
1613752040,a066c7,FDX5046 ,United States,1613752040,1613752040,2.0656,49.0172,1219.2,False,122.68,112.69,0,,1257.3,6311,False,0
1613752085,3951c1,AFR6725 ,France,1613752084,1613752084,2.0744,49.0447,1524,False,115.23,174.62,0,,1562.1,3521,False,0
1613752110,3951c1,AFR6725 ,France,1613752110,1613752110,2.0809,49.018,1524,False,119.29,163.21,-0.33,,1562.1,3521,False,0
1613753285,346318,SWT551P ,Spain,1613753285,1613753285,2.0632,49.0277,11582.4,False,245.03,30.12,0,,11650.98,1000,False,0
1613753615,342106,IBE32FK ,Spain,1613753615,1613753615,2.0411,49.0292,10972.8,False,243.24,29.38,0,,11079.48,2314,False,0
1613755475,485814,KLM92N  ,Kingdom of the Netherlands,1613755474,1613755474,2.0526,49.0419,11582.4,False,225.14,24.57,0,,11658.6,5560,False,0
1613756535,34520f,IBE2823 ,Spain,1613756534,1613756534,2.0187,49.0341,10972.8,False,252.88,30.16,0,,11087.1,2316,False,0
1613757100,4853d3,TRA6332 ,Kingdom of the Netherlands,1613757100,1613757100,2.0194,49.028,12192,False,231.32,24.86,0,,12245.34,5567,False,0
1613757619,71c226,KAL592  ,Republic of Korea,1613757619,1613757619,1.9945,49.0295,9144,False,269.36,30.53,0,,9258.3,2317,False,0
1613758750,3950c5,AFR12WC ,France,1613758749,1613758750,2.0039,49.0506,1859.28,False,136.17,144.69,-5.85,,1859.28,6312,False,0
1613758769,3950c5,AFR12WC ,France,1613758769,1613758769,2.0248,49.0318,1744.98,False,136.26,141.75,-5.85,,1744.98,6312,False,0
1613762980,4400b7,EJU12AF ,Austria,1613762979,1613762980,2.069,49.0173,1905,False,97.21,283.15,-1.95,,1958.34,,False,0
1613763805,ac3857,FDX5124 ,United States,1613763804,1613763804,2.0344,49.0486,1554.48,False,135.58,124.96,-3.9,,1607.82,6331,False,0
1613763830,ac3857,FDX5124 ,United States,1613763829,1613763830,2.0724,49.0311,1478.28,False,130.44,124.88,-3.25,,1531.62,6331,False,0
1613767840,a39b56,UPS219  ,United States,1613767840,1613767840,1.9932,49.0179,1524,False,139.31,120.64,0,,1562.1,6320,False,0
1613795645,3965af,AFR703  ,France,1613795645,1613795645,2.0827,49.0361,1981.2,False,108.97,190.89,-6.5,,2026.92,6407,False,0
1613795899,3949e2,AFR815  ,France,1613795899,1613795899,2.0678,49.0409,1714.5,False,114.03,175.6,-3.58,,1760.22,1000,False,0
1613795924,3949e2,AFR815  ,France,1613795923,1613795924,2.0706,49.016,1569.72,False,113.04,175.3,-4.88,,1615.44,1000,False,0
1613795995,396443,AFR805  ,France,1613795994,1613795995,2.0547,49.0543,1600.2,False,113.99,175.86,-4.88,,1653.54,6410,False,0
1613796020,396443,AFR805  ,France,1613796019,1613796020,2.0575,49.0293,1546.86,False,107.32,175.6,0,,1592.58,6410,False,0
1613796114,394a14,AFR929  ,France,1613796114,1613796114,2.0831,49.052,1661.16,False,109.45,175.15,-5.85,,1706.88,6411,False,0
1613796135,394a14,AFR929  ,France,1613796134,1613796135,2.0855,49.0316,1554.48,False,108.82,175.93,-2.28,,1600.2,6411,False,0
1613796230,39c428,AFR257  ,France,1613796229,1613796230,2.0373,49.0525,2164.08,False,119.99,174.09,-5.2,,2202.18,1000,False,0
1613796255,39c428,AFR257  ,France,1613796255,1613796255,2.0416,49.0258,2057.4,False,117.89,174.24,-5.2,,2095.5,1000,False,0
1613796814,780560,CES553  ,China,1613796814,1613796814,2.0382,49.0479,1859.28,False,111.89,155.56,-4.88,,1905,3512,False,0
1613796840,780560,CES553  ,China,1613796839,1613796839,2.0556,49.0251,1744.98,False,111.35,153.08,-4.88,,1790.7,3512,False,0
1613797095,396442,AFR736  ,France,1613797094,1613797094,2.0563,49.0477,1546.86,False,108.31,175.91,-0.65,,1592.58,6412,False,0
1613797120,396442,AFR736  ,France,1613797119,1613797119,2.0592,49.0235,1539.24,False,107.36,175.33,0,,1584.96,6412,False,0
1613797235,4ca1b2,ABR258  ,Ireland,1613797235,1613797235,2.0603,49.043,1668.78,False,107.73,176.44,-2.6,,1706.88,0627,False,0
1613797260,4ca1b2,ABR258  ,Ireland,1613797260,1613797260,2.063,49.0186,1615.44,False,107.84,172.87,-1.63,,1653.54,0627,False,0
1613797400,060036,MAU14   ,Mauritius,1613797399,1613797400,2.0031,49.0533,1546.86,False,107.28,184.12,0,,1577.34,1000,False,0
1613797420,060036,MAU14   ,Mauritius,1613797420,1613797420,2.0044,49.0337,1539.24,False,107.28,175.88,0,,1569.72,1000,False,0
1613797915,06a070,QTR2EV  ,Qatar,1613797915,1613797915,2.0722,49.0545,1866.9,False,105.98,216.31,-3.58,,1905,1000,False,0
1613797935,06a070,QTR2EV  ,Qatar,1613797935,1613797935,2.0661,49.0355,1798.32,False,109.12,178.11,-2.93,,1836.42,1000,False,0
1613798099,394a15,AFR983  ,France,1613798099,1613798099,2.0774,49.0439,1539.24,False,110.09,180.27,-0.65,,1584.96,6413,False,0
1613798124,394a15,AFR983  ,France,1613798124,1613798124,2.0807,49.019,1539.24,False,110.67,174.13,-0.65,,1584.96,6413,False,0
1613799180,899031,EVA087  ,Taiwan,1613799179,1613799179,2.0683,49.0282,1546.86,False,92.61,203.57,0.33,,1584.96,1000,False,0
1613802809,c02ed9,ACA870  ,Canada,1613802809,1613802809,2.0013,49.0559,1539.24,False,116.59,131.78,0,,1577.34,6323,False,0
1613802834,c02ed9,ACA870  ,Canada,1613802834,1613802834,2.0308,49.0386,1539.24,False,116.97,131.61,0,,1577.34,6323,False,0
1613802859,c02ed9,ACA870  ,Canada,1613802859,1613802859,2.0609,49.0209,1539.24,False,117.32,131.8,0,,1577.34,6323,False,0
1613803394,394a00,AFR351  ,France,1613803394,1613803394,1.994,49.0577,1722.12,False,123.44,132.47,-2.28,,1760.22,6313,False,0
1613803419,394a00,AFR351  ,France,1613803419,1613803419,2.0242,49.0398,1661.16,False,116.93,131.97,-2.93,,1699.26,6313,False,0
1613803444,394a00,AFR351  ,France,1613803444,1613803444,2.0536,49.0226,1554.48,False,114.11,131.16,-2.6,,1600.2,6313,False,0
1613803559,a64924,DAL82   ,United States,1613803559,1613803559,2.0273,49.0447,1539.24,False,129.55,133.39,0,,1577.34,6327,False,0
1613803584,a64924,DAL82   ,United States,1613803584,1613803584,2.058,49.0259,1539.24,False,115.06,132.46,-0.98,,1569.72,6327,False,0
1613804660,3986e9,AFR10NN ,France,1613804659,1613804659,2.0675,49.0406,1539.24,False,104.35,200.49,-0.65,,1577.34,1000,False,0
1613804680,3986e9,AFR10NN ,France,1613804679,1613804679,2.0589,49.0228,1539.24,False,103.67,196.73,0.33,,1577.34,1000,False,0
1613805130,398567,AFR13XB ,France,1613805129,1613805130,2.0813,49.0509,1546.86,False,122.44,179.52,0.33,,1584.96,3520,False,0
1613805150,398567,AFR13XB ,France,1613805150,1613805150,2.0837,49.0287,1539.24,False,122.45,174.7,0.33,,1577.34,3520,False,0
1613805385,3944ed,AFR10SY ,France,1613805384,1613805385,2.017,49.0433,1539.24,False,131.06,137.23,-2.28,,1524,0505,False,0
1613805410,3944ed,AFR10SY ,France,1613805409,1613805409,2.0482,49.0214,1539.24,False,132.84,136.73,0.65,,1516.38,0505,False,0
1613807279,7811a3,CCA675  ,China,1613807279,1613807279,2.0147,49.055,1539.24,False,106.7,176.41,-0.33,,1569.72,3517,False,0
1613807304,7811a3,CCA675  ,China,1613807304,1613807304,2.0174,49.0309,1539.24,False,105.78,175.54,0,,1569.72,3517,False,0
1613808174,440949,MJF6B   ,Austria,1613808174,1613808174,2.0846,49.043,2141.22,False,96.62,187.96,0,,2186.94,1000,False,0
1613808195,440949,MJF6B   ,Austria,1613808194,1613808195,2.0856,49.0247,2095.5,False,99,176.13,-6.5,,2141.22,1000,False,0
1613808315,4ca61d,RYR2TB  ,Ireland,1613808314,1613808314,2.0609,49.018,11582.4,False,243.1,31.94,0,,11650.98,1041,False,0
1613809320,aa944a,AAL48   ,United States,1613809319,1613809319,1.9968,49.0207,1539.24,False,126.73,122.4,0,,1577.34,6306,False,0
1613809435,020118,MAC117  ,Morocco,1613809434,1613809434,2.0568,49.0305,10980.42,False,248.09,31.09,0,,11079.48,1000,False,0
1613809460,39c429,AFR689  ,France,1613809459,1613809459,2.0245,49.0331,1539.24,False,117.52,121.39,0,,1569.72,6315,False,0
1613809480,39c429,AFR689  ,France,1613809479,1613809479,2.0522,49.0219,1539.24,False,117.79,121.61,0,,1569.72,6315,False,0
1613811964,39e4ac,AFR77LQ ,France,1613811964,1613811964,2.0526,49.0531,6781.8,False,189.47,267.67,11.38,,6918.96,,False,0
1613811985,39e4ac,AFR77LQ ,France,1613811984,1613811984,1.9996,49.0516,6957.06,False,194.12,267.57,10.08,,7094.22,,False,0
1613814939,3965ad,AFR483  ,France,1613814939,1613814939,2.0169,49.0335,1645.92,False,127.74,136.8,-4.23,,1691.64,6330,False,0
1613814959,3965ad,AFR483  ,France,1613814959,1613814959,2.0409,49.0168,1562.1,False,126.27,136.49,-3.9,,1607.82,6330,False,0
1613817925,4008ad,BAW4DC  ,United Kingdom,1613817924,1613817924,2.0001,49.0518,2133.6,False,116.46,130.16,0,,2164.08,6322,False,0
1613817945,4008ad,BAW4DC  ,United Kingdom,1613817944,1613817944,2.0239,49.0387,2095.5,False,115.01,130.1,-5.85,,2133.6,6322,False,0
1613817970,4008ad,BAW4DC  ,United Kingdom,1613817969,1613817969,2.0544,49.0218,1912.62,False,116.85,130,-6.5,,1950.72,6322,False,0
1613820079,394a18,AFR179  ,France,1613820079,1613820079,2.0184,49.046,1546.86,False,127.72,133.53,-1.63,,1592.58,6316,False,0
1613820104,394a18,AFR179  ,France,1613820104,1613820104,2.0487,49.0275,1531.62,False,117.97,132.53,0.33,,1577.34,6316,False,0
1613820765,39e4ac,AFR773N ,France,1613820764,1613820764,2.0392,49.0411,2118.36,False,118.73,132.19,-3.9,,2171.7,1753,False,0
1613820789,39e4ac,AFR773N ,France,1613820789,1613820789,2.0692,49.0234,1958.34,False,116.59,131.78,-8.78,,2011.68,1753,False,0
1613822900,44056b,EJU835K ,Austria,1613822900,1613822900,2.0099,49.0532,7924.8,False,248.37,20.24,0,,8084.82,1000,False,0
1613823160,0101db,MSR799  ,Egypt,1613823159,1613823159,2.0651,49.0396,1546.86,False,102.38,180.58,0.65,,1577.34,1000,False,0
1613823180,0101db,MSR799  ,Egypt,1613823179,1613823179,2.0674,49.0207,1546.86,False,105.67,173.29,-0.65,,1584.96,1000,False,0
1613824235,392aee,AFR15AD ,France,1613824234,1613824234,2.0057,49.026,1691.64,False,134.29,133.29,-4.23,,1737.36,6306,False,0
1613825150,3986eb,AFR17MN ,France,1613825150,1613825150,2.0037,49.0365,1554.48,False,104.57,166.92,-0.33,,1584.96,1000,False,0
1613825175,3986eb,AFR17MN ,France,1613825175,1613825175,2.0297,49.0189,1562.1,False,124.1,112.42,-0.33,,1592.58,1000,False,0
1613825340,3944f4,AFR11ZX ,France,1613825339,1613825340,2.0453,49.0511,1554.48,False,103.69,172.87,0,,1539.24,1000,False,0
1613825365,3944f4,AFR11ZX ,France,1613825364,1613825365,2.0495,49.0281,1554.48,False,103.12,173.12,-0.33,,1539.24,1000,False,0
1613831915,39c424,AFR423  ,France,1613831914,1613831915,2.0193,49.0284,1562.1,False,139.15,110.11,0.33,,1584.96,6330,False,0
1613831940,39c424,AFR423  ,France,1613831940,1613831940,2.0628,49.018,1562.1,False,129.4,110.24,0,,1592.58,6330,False,0
1613832035,3950c7,AFR17RR ,France,1613832035,1613832035,2.0511,49.047,1638.3,False,110.45,172.78,-4.23,,1623.06,1000,False,0
1613832060,3950c7,AFR17RR ,France,1613832059,1613832059,2.0563,49.023,1569.72,False,110.88,171.19,-0.33,,1546.86,1000,False,0
1613832670,39b9cb,FHOOL   ,France,1613832669,1613832669,2.0759,49.0496,967.74,False,41.24,183.58,-0.33,,975.36,,False,0
1613832695,39b9cb,FHOOL   ,France,1613832694,1613832694,2.075,49.0404,967.74,False,40.21,183.67,-0.33,,975.36,,False,0
1613832714,39b9cb,FHOOL   ,France,1613832714,1613832714,2.0779,49.0336,967.74,False,48.04,133.26,0.33,,975.36,,False,0
1613833299,abe1eb,FDX5030 ,United States,1613833299,1613833299,2.0012,49.0412,1958.34,False,110.29,183.48,-5.53,,1996.44,4134,False,0
1613833324,abe1eb,FDX5030 ,United States,1613833323,1613833324,2.0194,49.0191,1828.8,False,122.65,130.24,-4.55,,1859.28,4134,False,0
1613833839,398561,AFR18MZ ,France,1613833839,1613833839,1.9926,49.0252,1798.32,False,127.07,118.54,-1.95,,1836.42,1000,False,0
1613833909,38c61b,FPMYL   ,France,1613833909,1613833909,2.0689,49.0483,632.46,False,66.97,226.87,-0.33,,647.7,,False,0
1613833935,38c61b,FPMYL   ,France,1613833934,1613833934,2.052,49.0383,624.84,False,67.03,228.11,-0.33,,640.08,,False,0
1613833955,38c61b,FPMYL   ,France,1613833954,1613833954,2.0386,49.0301,624.84,False,66.58,225.94,-0.33,,640.08,,False,0
1613833979,38c61b,FPMYL   ,France,1613833979,1613833979,2.0223,49.02,624.84,False,65.89,227.21,-0.33,,640.08,,False,0
1613834995,440833,EJU9041 ,Austria,1613834995,1613834995,2.0678,49.0374,5791.2,False,145.75,256.94,0,,5920.74,,False,0
1613835014,440833,EJU9041 ,Austria,1613835014,1613835014,2.0304,49.0317,5791.2,False,144.75,256.85,0,,5920.74,,False,0
1613836384,3944ee,AFR18WL ,France,1613836384,1613836384,2.0771,49.0381,1676.4,False,105.23,169.29,-5.85,,1661.16,3533,False,0
1613836409,3944ee,AFR18WL ,France,1613836409,1613836409,2.0841,49.015,1577.34,False,104.34,167.47,-0.98,,1554.48,3533,False,0
1613841450,46b822,AEE8SE  ,Greece,1613841449,1613841449,2.041,49.0517,11887.2,False,221.25,136.51,0,,12009.12,2254,False,0
1613841469,46b822,AEE8SE  ,Greece,1613841469,1613841469,2.0832,49.0225,11887.2,False,221.97,136.5,0.33,,12009.12,2254,False,0
1613842885,a7906b,FDX9046 ,United States,1613842885,1613842885,2.0248,49.0455,1562.1,False,119.71,133.78,0.33,,1577.34,6312,False,0
1613847494,a6aadf,FDX34   ,United States,1613847494,1613847494,2.0203,49.0488,2011.68,False,122.23,135.34,-3.25,,2049.78,6324,False,0
1613850064,ac10d8,FDX10   ,United States,1613850064,1613850064,2.0197,49.0492,1676.4,False,125.75,129.36,-2.28,,1714.5,6317,False,0
1613853680,a7acc5,FDX5026 ,United States,1613853679,1613853679,2.021,49.0497,1874.52,False,97.62,129.23,-2.6,,1920.24,6313,False,0
1613881279,39666a,ABR538  ,France,1613881279,1613881279,2.0184,49.0407,1539.24,False,108.21,176.73,0,,2499.36,1000,False,0
1613885330,3949ed,AFR914  ,France,1613885329,1613885330,2.0176,49.0421,1531.62,False,112.76,177.65,0.98,,1577.34,6405,False,0
1613887184,3a3688,THT68   ,France,1613887184,1613887184,2.0281,49.0449,1722.12,False,125.59,137.16,-3.9,,1767.84,6303,False,0
1613895929,39c429,AFR689  ,France,1613895929,1613895929,2.0138,49.0449,2316.48,False,114.59,135.18,-5.2,,2385.06,6310,False,0
1613923794,3868db,FPOCJ   ,France,1613923794,1613923794,2.0184,49.0425,632.46,False,57.62,30,-0.33,,601.98,,False,0
1613931354,44082a,AUA4EV  ,Austria,1613931354,1613931354,2.0122,49.048,1539.24,False,115.53,184.09,0,,1592.58,1000,False,0
1613967129,39c424,AFR257  ,France,1613967129,1613967129,2.0178,49.0451,1516.38,False,96.9,221.99,0,,1569.72,1000,False,0
1613978575,398561,AFR10DX ,France,1613978574,1613978574,2.0091,49.0426,1501.14,False,128.94,137.91,0,,1577.34,6304,False,0
1613979554,3950c8,AFR12JA ,France,1613979554,1613979554,2.0278,49.0433,2034.54,False,118.96,135.53,-4.55,,2049.78,6324,False,0
1613989654,abba6c,FDX38   ,United States,1613989654,1613989654,2.0217,49.0418,1341.12,False,131.18,115.06,-4.55,,1424.94,6351,False,0
1614022140,4d010d,CLX56M  ,Luxembourg,1614022140,1614022140,2.0111,49.0431,10972.8,False,258.29,79.09,0,,11026.14,7470,False,0
1614049920,4ca282,ABR7BN  ,Ireland,1614049920,1614049920,2.0098,49.0457,3048,False,91.34,274.52,4.55,,3192.78,,False,0
1614064575,4d2218,RYR5223 ,Malta,1614064574,1614064575,2.0138,49.0486,6164.58,False,173.46,181.87,15.93,,6370.32,,False,0
1614170500,3e4801,AWU924K ,Germany,1614170500,1614170500,2.0079,49.0424,7627.62,False,212.02,31.61,-0.65,,7909.56,1000,False,0
1614311590,4ca60b,ABR7BN  ,Ireland,1614311590,1614311590,2.0239,49.0451,3429,False,88.7,273.99,7.15,,3566.16,,False,0
1614347899,392aee,AFR15AD ,France,1614347899,1614347899,2.0067,49.0457,1706.88,False,142.86,138.5,-8.78,,1912.62,6302,False,0
1614366289,3946e2,AFR12WC ,France,1614366289,1614366289,2.0179,49.0414,1851.66,False,145.69,137.86,-8.78,,2004.06,2014,False,0
1614398754,a3577d,UPS218  ,United States,1614398754,1614398754,2.0147,49.0479,2019.3,False,126.21,201.02,-0.98,,2217.42,4125,False,0
1614399479,3965a4,AFR703  ,France,1614399479,1614399479,2.0218,49.0452,1318.26,False,129.33,183.19,0,,1531.62,1017,False,0
1614399645,394a18,AFR567  ,France,1614399644,1614399645,2.0271,49.041,1318.26,False,128.78,182.98,0,,1531.62,1000,False,0
1614418795,394a06,AFR5397 ,France,1614418794,1614418794,2.0077,49.0427,1615.44,False,129.98,137.41,-2.93,,1844.04,6315,False,0
1614437549,ac4d43,FDX5030 ,United States,1614437548,1614437549,2.0145,49.0414,1341.12,False,133.61,222.66,0,,1546.86,4117,False,0
1614438610,4485b2,OOAMR   ,Belgium,1614438610,1614438610,2.022,49.0408,11094.72,False,195.14,35.45,-12.03,,11254.74,1000,False,0
1614442104,4d0119,CLX87B  ,Luxembourg,1614442104,1614442104,2.0183,49.045,11277.6,False,234.24,84.2,0,,11414.76,7474,False,0
1614443119,3951c1,AFR6723 ,France,1614443119,1614443119,2.0271,49.044,1333.5,False,127.67,130.75,0,,1539.24,6311,False,0
1614445314,3951c2,AFR6735 ,France,1614445314,1614445314,2.0125,49.0413,1341.12,False,127.18,131.56,-0.65,,1546.86,6332,False,0
1614486294,060041,MAU14   ,Mauritius,1614486294,1614486294,2.0144,49.0469,1600.2,False,129.76,206.87,-5.85,,1775.46,1000,False,0
1614495040,8990dc,EVA087  ,Taiwan,1614495039,1614495040,2.0124,49.0474,1478.28,False,123.78,194.44,-2.28,,1661.16,3510,False,0
1614520250,393d20,FGPJA   ,France,1614520249,1614520249,2.0156,49.0456,304.8,False,88.18,191.44,0.98,,449.58,,False,0
1614526274,3986e9,AFR10BE ,France,1614526274,1614526274,2.0151,49.0443,1600.2,False,124.04,205.29,-6.18,,1767.84,1000,False,0
1614532110,3949ea,AFR9262 ,France,1614532110,1614532110,2.0283,49.0415,5661.66,False,208.96,268.31,12.68,,5844.54,,False,0
1614532110,3949ea,AFR9262 ,France,1614532110,1614532110,2.0283,49.0415,5661.66,False,208.96,268.31,12.68,,5844.54,,False,0
1614532110,3949ea,AFR9262 ,France,1614532110,1614532110,2.0283,49.0415,5661.66,False,208.96,268.31,12.68,,5844.54,,False,0
1614573580,39c424,AFR333  ,France,1614573579,1614573580,2.0067,49.0437,1813.56,False,118.47,144.72,-5.53,,1981.2,6304,False,0
1614574590,3965ad,AFR6727 ,France,1614574590,1614574590,2.0264,49.0484,1706.88,False,125.12,142.52,-3.25,,1874.52,6301,False,0
1614581294,7813a1,CHH487  ,China,1614581294,1614581294,2.0289,49.0458,1844.04,False,122.42,213.69,-5.53,,2026.92,1000,False,0
1614590989,3946ec,AFR12QN ,France,1614590989,1614590989,2.0221,49.0425,1082.04,False,136.67,211.3,-1.95,,1196.34,1000,False,0
1614598025,3c9654,BFD01T  ,Germany,1614598024,1614598025,2.0263,49.0419,784.86,False,116.73,229.29,0.33,,952.5,4127,False,0
1614602529,3986eb,AFR17MN ,France,1614602529,1614602529,2.0142,49.0471,1097.28,False,125.72,149.24,0.33,,1257.3,1000,False,0
1614623255,3944ec,AFR10BJ ,France,1614623253,1614623254,2.0191,49.0477,1097.28,False,121.11,170.22,0,,1196.34,1000,False,0
1614697654,a14bdd,AMX003  ,United States,1614697654,1614697654,2.0141,49.0438,1402.08,False,124.63,125.59,-0.33,,1569.72,6301,False,0
1614727419,ac54b1,FDX4    ,United States,1614727419,1614727419,2.0182,49.0444,1097.28,False,120.78,116.57,0,,1272.54,4121,False,0
1614827944,a066c7,FDX5047 ,United States,1614827944,1614827944,2.0293,49.0443,3360.42,False,163.59,274.51,5.53,,3436.62,,False,0
1614829540,4ca284,ABR7BN  ,Ireland,1614829540,1614829540,2.0307,49.0439,3253.74,False,81.9,272.88,4.55,,3314.7,,False,0
1614829569,4ca284,ABR7BN  ,Ireland,1614829569,1614829569,1.9974,49.0445,3413.76,False,82.87,271.78,6.83,,3474.72,,False,0
1614866614,493285,NJE075G ,Portugal,1614866614,1614866614,2.0116,49.0427,11887.2,False,232.45,134.91,0,,11772.9,2011,False,0
1614887045,4b19ab,CAZ802  ,Switzerland,1614887045,1614887045,1.9964,49.0531,12496.8,False,266.28,134.84,0,,12367.26,2255,False,0
1614892490,71c043,KAL504  ,Republic of Korea,1614892490,1614892490,2.0242,49.0438,1485.9,False,124.6,122.18,-2.6,,1577.34,6303,False,0
1614897624,396669,FPO704  ,France,1614897624,1614897624,2.0235,49.0454,1844.04,False,132.31,228.63,-7.48,,,5021,False,0
1614930205,3922f4,FPO36F  ,France,1614930205,1614930205,2.0228,49.0493,1417.32,False,127.74,226.8,-0.65,,,1000,False,0
1614938644,383d02,FBPIC   ,France,1614938644,1614938644,2.007,49.0537,563.88,False,79.06,231.34,-2.93,,662.94,,False,0
1614946589,39ca35,FHSRV   ,France,1614946589,1614946589,2.0289,49.0451,350.52,False,69.97,179.16,-1.95,,495.3,,False,0
1614948455,70c0f9,OMA104  ,Oman,1614948454,1614948455,2.0097,49.0458,11887.2,False,252.45,135,0,,11757.66,2253,False,0
1614958720,39c426,AFR422  ,France,1614958720,1614958720,2.0127,49.0454,4823.46,False,214.17,267.8,9.43,,4861.56,,False,0
1614959294,383d02,FBPIC   ,France,1614959294,1614959294,2.0007,49.0526,678.18,False,72.39,224.71,-1.63,,792.48,,False,0
1614961164,a066c7,FDX5046 ,United States,1614961164,1614961164,1.9955,49.048,1287.78,False,122.28,124.02,-5.85,,1402.08,6307,False,0
1614972729,ac5868,FDX5124 ,United States,1614972729,1614972729,2.0227,49.0384,1318.26,False,110.73,124.21,-5.53,,1463.04,6323,False,0
1615005185,40066b,BCS24M  ,United Kingdom,1615005184,1615005184,2.0118,49.0495,1805.94,False,121.17,183.89,-4.88,,,1000,False,0
1615007169,040197,ETH704  ,Ethiopia,1615007169,1615007169,2.0245,49.0425,1554.48,False,116.72,185.06,-2.6,,1668.78,1000,False,0
1615014830,3986eb,AFR10NN ,France,1615014829,1615014829,1.9992,49.0527,1386.84,False,111.46,132.01,0,,1524,1000,False,0
1615017205,3986e9,AFR11MX ,France,1615017205,1615017205,2.0012,49.0522,1379.22,False,123.16,183.35,0.33,,1524,1000,False,0
1615038230,3c64f8,DLH518  ,Germany,1615038229,1615038229,2.0235,49.0447,9448.8,False,234.35,253.16,0,,9441.18,2566,False,0
1615067145,4853d2,TRA5672 ,Kingdom of the Netherlands,1615067144,1615067144,2.0137,49.0464,12192,False,220.8,24.36,0,,12100.56,1047,False,0
1615086709,3949e2,AFR722  ,France,1615086709,1615086709,1.9994,49.0447,1424.94,False,117.58,184.01,-0.33,,1524,6402,False,0
1615090164,3b7543,CTM1074 ,France,1615090164,1615090164,2.0123,49.0429,1424.94,False,124.33,184.27,0.33,,1531.62,1000,False,0
1615090825,396445,AFR669  ,France,1615090824,1615090824,2.0141,49.0517,1424.94,False,123.3,184.31,-0.33,,1524,1000,False,0
1615091184,394a01,AFR995  ,France,1615091184,1615091184,2.0211,49.053,1699.26,False,124.71,192.14,-0.98,,1790.7,6404,False,0
1615098340,ab249e,DAL262  ,United States,1615098339,1615098339,2.0025,49.0453,1653.54,False,134.69,137.17,-5.2,,1744.98,6322,False,0
1615098640,c02ec1,ACA870  ,Canada,1615098640,1615098640,1.9938,49.0422,1524,False,130.99,133.73,-4.88,,1623.06,6320,False,0
1615108009,3965a0,AFR5395 ,France,1615108008,1615108009,2.0101,49.0362,1821.18,False,140.13,136.93,-5.85,,1912.62,6317,False,0
1615110290,aad213,AAL48   ,United States,1615110289,1615110290,2.0089,49.0433,1424.94,False,134.79,138.09,0,,1524,6342,False,0
1615113174,394a06,AFR099  ,France,1615113174,1615113174,2.0004,49.047,1905,False,135.1,137.62,-10.4,,1996.44,6314,False,0
1615117799,06a2b1,QTR4TE  ,Qatar,1615117799,1615117799,2.0078,49.0407,1432.56,False,127.88,212.35,0.33,,1531.62,3261,False,0
1615118430,394a0c,AFR179  ,France,1615118429,1615118429,2.0224,49.0366,1767.84,False,138.39,142.7,-5.85,,1859.28,6323,False,0
1615137769,3965b3,AFR253  ,France,1615137769,1615137769,2.0235,49.0362,1760.22,False,124.77,248.73,-4.55,,1836.42,3212,False,0
1615140555,4400b2,AUA4EV  ,Austria,1615140554,1615140554,1.9955,49.0462,1455.42,False,125.13,199.7,0,,1531.62,1000,False,0
1615141495,398569,AFR14GQ ,France,1615141495,1615141495,2.0035,49.0541,1447.8,False,124.34,200.08,-0.33,,1539.24,3514,False,0
1615151680,3c6584,DLH54K  ,Germany,1615151680,1615151680,2.032,49.0522,1455.42,False,125.28,199.18,0,,1539.24,1000,False,0
1615188384,3946eb,AFR146T ,France,1615188384,1615188384,2.0253,49.0482,1470.66,False,123.98,180,-3.9,,1485.9,3520,False,0
1615189530,aa3b85,AAL48   ,United States,1615189529,1615189529,2.0156,49.0383,1447.8,False,117.66,138.01,0,,1516.38,6342,False,0
1615189980,440130,AUA4NH  ,Austria,1615189979,1615189979,2.026,49.0532,1379.22,False,125.9,186.81,-2.93,,1455.42,1000,False,0
1615190219,398568,AFR11MX ,France,1615190219,1615190219,2.0025,49.0419,1348.74,False,116.56,265.95,-4.88,,1417.32,1000,False,0
1615193589,7807d6,CES7255 ,China,1615193589,1615193589,2.006,49.0365,1135.38,False,120.63,183.67,0,,1226.82,3512,False,0
1615193769,4068f0,LNX55JG ,United Kingdom,1615193769,1615193769,2.0143,49.0431,12496.8,False,229.36,143.85,0,,12306.3,5237,False,0
1615193829,3965ae,AFR9261 ,France,1615193829,1615193829,2.0031,49.0378,1325.88,False,137.39,128.16,-4.55,,1402.08,6314,False,0
1615193979,7813c1,CCA571  ,China,1615193979,1615193979,1.9942,49.0348,1135.38,False,96,160.59,0,,1219.2,3514,False,0
1615196959,4a08ed,ROT381  ,Romania,1615196959,1615196959,2.0108,49.0456,1737.36,False,134.79,180.22,-3.58,,1805.94,1000,False,0
1615203910,39908b,BLT89   ,France,1615203910,1615203910,2.0298,49.0495,525.78,False,59.09,234.93,-0.98,,624.84,,False,0
1615203940,39908b,BLT89   ,France,1615203940,1615203940,2.0101,49.0404,518.16,False,56.52,235.01,0,,617.22,,False,0
1615204659,39856d,AFR11AJ ,France,1615204659,1615204659,2.0219,49.0349,1440.18,False,130.23,135,-0.33,,1516.38,6304,False,0
1615204719,0101dc,MSR799  ,Egypt,1615204719,1615204719,2.0322,49.0536,1592.58,False,124.51,180.71,-5.2,,1668.78,1000,False,0
1615214404,48597d,TRA6J   ,Kingdom of the Netherlands,1615214404,1615214404,2.0066,49.034,12192,False,218.86,25.18,0,,11993.88,1000,False,0
1615230169,3991ea,AFR12WC ,France,1615230169,1615230169,2.0301,49.0472,1737.36,False,140.86,136.92,-4.88,,1821.18,6301,False,0
1615245264,ac7364,FDX5181 ,United States,1615245264,1615245264,2.0281,49.0418,1158.24,False,117.81,179.75,0.33,,1226.82,3521,False,0
1615245444,aca9bf,FDX5112 ,United States,1615245444,1615245444,1.9949,49.0534,1150.62,False,122.71,186.5,0,,1226.82,1000,False,0
1615246049,4cabc3,ABR1RG  ,Ireland,1615246048,1615246049,2.0175,49.0357,1158.24,False,98.05,122.36,0,,1219.2,4152,False,0
1615246149,ad0799,FDX5203 ,United States,1615246149,1615246149,1.9992,49.0344,1463.04,False,97.44,143.37,0.33,,1524,6305,False,0
1615246380,4074f4,BCS34A  ,United Kingdom,1615246379,1615246379,2.0035,49.0345,11582.4,False,219.93,32.39,0,,11384.28,1000,False,0
1615319430,a725ea,N56PV   ,United States,1615319429,1615319429,2.0233,49.0492,403.86,False,101.27,112.4,0,,487.68,,False,0
1615437554,44d0c3,BCS1506 ,Belgium,1615437554,1615437554,2.0263,49.0421,11277.6,False,182.95,235.19,0,,,1000,False,0
1615451689,a725ea,N56PV   ,United States,1615451689,1615451689,2.0035,49.0475,1021.08,False,56.7,183.64,6.18,,982.98,,False,0
1615538494,3c6469,CFG6DW  ,Germany,1615538494,1615538494,1.9979,49.0443,10675.62,False,208.11,226,0,,10325.1,1113,False,0
1615579249,39856c,AFR773Q ,France,1615579249,1615579249,1.9959,49.0415,4221.48,False,147.72,268.2,12.03,,4168.14,,False,0
1615637075,490d07,NJE2BX  ,Portugal,1615637074,1615637074,2.0286,49.0375,3992.88,False,132.42,314.37,20.16,,3870.96,,False,0
1615664710,4ca242,RYR2AA  ,Ireland,1615664709,1615664709,2.0098,49.0353,5425.44,False,185.2,180,13.66,,5204.46,,False,0
1615731714,a04dad,N119AL  ,United States,1615731713,1615731714,2.0062,49.0479,662.94,False,75.47,22.02,5.85,,739.14,,False,0
1615747345,71002b,SVA104  ,Saudi Arabia,1615747344,1615747345,2.0139,49.0484,11887.2,False,283.01,135.29,0.33,,11711.94,1160,False,0
1615779494,440102,TAY4958 ,Austria,1615779494,1615779494,2.0143,49.0471,10668,False,219.91,229.08,0.33,,10515.6,7141,False,0
1615813150,4d2061,LWG102  ,Malta,1615813148,1615813149,1.9991,49.0427,11887.2,False,237.85,151.16,0,,11757.66,0503,False,0
1615925810,ac498c,FDX21   ,United States,1615925809,1615925810,2.0178,49.0453,3337.56,False,168.75,274.55,5.53,,3451.86,,False,0
1615928854,a82952,FDX9    ,United States,1615928854,1615928854,2.0039,49.0452,3604.26,False,176.11,267.49,8.13,,3710.94,,False,0
1615968675,39b9a4,FHONE   ,France,1615968674,1615968674,1.9975,49.0503,7620,False,164.51,242.63,0,,7658.1,3506,False,0
1616072365,394a0b,AFR054  ,France,1616072364,1616072364,2.0124,49.045,3177.54,False,157.35,274.31,4.88,,3230.88,,False,0
1616072935,39c429,AFR344  ,France,1616072935,1616072935,2.0049,49.0351,3368.04,False,179.03,270.33,6.83,,3413.76,,False,0
1616080659,44ccc3,BEL221  ,Belgium,1616080659,1616080659,2.0065,49.0456,8564.88,False,281.24,226.11,2.93,,8580.12,7141,False,0
1616081415,06a1e9,QTR8157 ,Qatar,1616081415,1616081415,2.0187,49.0382,9753.6,False,288.29,249.53,0,,9730.74,3506,False,0
1616095000,a6aadf,FDX9155 ,United States,1616094999,1616094999,2.0057,49.0358,2758.44,False,167.2,270.35,10.08,,2796.54,,False,0
1616098589,abd6c6,FDX27   ,United States,1616098589,1616098589,2.0313,49.0446,3253.74,False,161.62,274.93,6.18,,3284.22,,False,0
1616100940,a7bba1,FDX9    ,United States,1616100939,1616100940,2.0037,49.0468,3101.34,False,164.69,274.84,13,,3124.2,,False,0
1616127155,396445,AFR339  ,France,1616127154,1616127154,2.0027,49.052,2057.4,False,146.82,219.88,-8.13,,2095.5,6414,False,0
1616138365,3946e9,AFR146T ,France,1616138364,1616138364,1.998,49.0513,1158.24,False,121.09,204.61,-0.33,,1173.48,3524,False,0
1616140104,3944f2,AFR1753 ,France,1616140104,1616140104,2.0185,49.0499,1363.98,False,113.9,126.92,-2.28,,1386.84,1000,False,0
1616140825,461e1a,FIN59U  ,Finland,1616140825,1616140825,2.0224,49.0489,1653.54,False,129.98,173.41,-2.28,,1729.74,3535,False,0
1616145209,0a0092,DAH1208 ,Algeria,1616145209,1616145209,2.0325,49.0389,1150.62,False,112.81,133.52,-0.65,,1226.82,1015,False,0
1616146415,3951c1,AFR6731 ,France,1616146414,1616146414,2.0049,49.0476,1143,False,128,126.5,0,,1226.82,6315,False,0
1616148795,78100a,CCA635  ,China,1616148794,1616148794,2.0296,49.0529,1143,False,92.15,137.94,0.33,,1226.82,3525,False,0
1616152019,400964,LNX68RS ,United Kingdom,1616152019,1616152019,2.0261,49.0449,12496.8,False,209.54,135.6,0,,12420.6,2277,False,0
1616156985,394dc2,FGTOC   ,France,1616156984,1616156984,1.997,49.0503,487.68,False,42.36,24.39,1.63,,601.98,,False,0
1616158160,49d027,CSA2DZ  ,Czech Republic,1616158159,1616158159,2.027,49.0451,1211.58,False,119.85,164.05,-6.18,,1310.64,1000,False,0
1616163889,49328d,NJE056E ,Portugal,1616163889,1616163889,2.017,49.0456,13106.4,False,192.07,29.17,0,,13037.82,1000,False,0
1616166850,a066c7,FDX5046 ,United States,1616166849,1616166849,2.0045,49.0453,1234.44,False,116.16,126.72,-4.55,,1333.5,6336,False,0
1616168209,3944ee,AFR18WL ,France,1616168209,1616168209,2.0242,49.0429,1143,False,114.73,187.73,-1.3,,1196.34,3523,False,0
1616169810,3965a4,AFR5394 ,France,1616169810,1616169810,2.0092,49.0419,5989.32,False,246.51,268.45,14.63,,6019.8,,False,0
1616178214,ab8b7f,FDX5279 ,United States,1616178214,1616178214,1.9988,49.0423,1120.14,False,126.52,165.4,0,,1242.06,0457,False,0
1616178274,39856a,AFR17NM ,France,1616178274,1616178274,2.0051,49.0535,1249.68,False,127.27,219.09,-5.53,,1363.98,3511,False,0
1616213930,394a0e,AFR995  ,France,1616213929,1616213929,1.9941,49.0448,2202.18,False,146.12,179.19,-5.53,,2308.86,6410,False,0
1616216179,3965aa,AFR719  ,France,1616216179,1616216179,2.0166,49.0453,1546.86,False,148.45,183.58,-7.15,,1684.02,1017,False,0
1616222935,780e98,CHH487  ,China,1616222935,1616222935,2.0254,49.0538,1158.24,False,109.16,182.43,-2.28,,1303.02,1000,False,0
1616226054,398560,AFR11MX ,France,1616226054,1616226054,2.0312,49.0472,1539.24,False,122.83,138.57,-6.18,,1676.4,1000,False,0
1616229810,3965a4,AFR5395 ,France,1616229809,1616229809,2.0178,49.0426,1760.22,False,129.76,116.36,-2.93,,1889.76,6315,False,0
1616232219,3950c3,AFR12QN ,France,1616232219,1616232219,2.0267,49.0453,1333.5,False,128.95,167.79,-6.83,,1424.94,1000,False,0
1616234200,396445,AFR498  ,France,1616234199,1616234199,2.0008,49.0457,4396.74,False,198.77,267.48,6.5,,4511.04,,False,0
1616234264,39c423,AFR475  ,France,1616234263,1616234264,1.9933,49.0478,1371.6,False,134.46,120.59,-6.5,,1524,6324,False,0
1616239310,4d0131,CLX7606 ,Luxembourg,1616239309,1616239310,2.0193,49.0389,10058.4,False,270.5,238.85,0,,10104.12,2366,False,0
1616244004,49d027,CSA2DZ  ,Czech Republic,1616244004,1616244004,2.0232,49.0422,1844.04,False,131.92,183.35,-1.63,,1965.96,3077,False,0
1616244519,3986e4,AFR17MN ,France,1616244519,1616244519,2.0073,49.0412,1135.38,False,121.2,142.94,-3.58,,1287.78,1000,False,0
1616257335,39856f,AFR11DH ,France,1616257335,1616257335,2.0009,49.0527,1516.38,False,124.45,125.07,-7.8,,1645.92,6320,False,0
1616259419,3951c1,AFR6723 ,France,1616259419,1616259419,2.0162,49.0439,1264.92,False,138.84,124.28,-4.88,,1409.7,6327,False,0
1616259509,abc1da,FDX5022 ,United States,1616259509,1616259509,2.0126,49.044,1539.24,False,119.49,125.54,-6.83,,1668.78,6304,False,0
1616320279,3965a8,AFR5400 ,France,1616320279,1616320279,2.0248,49.0416,3169.92,False,152.28,269.61,9.43,,3268.98,,False,0
1616320700,a2ca64,UAL986  ,United States,1616320699,1616320699,2.0172,49.0361,3787.14,False,187.77,269.69,16.26,,3893.82,,False,0
1616320824,ab398a,DAL263  ,United States,1616320824,1616320824,1.9984,49.0345,2956.56,False,153.3,270,10.4,,3063.24,,False,0
1616331855,394a02,AFR9260 ,France,1616331854,1616331854,2.0091,49.0406,5715,False,225.43,268.3,13.66,,5798.82,,False,0
1616334240,440591,GAC476B ,Austria,1616334239,1616334239,2.0021,49.0405,10058.4,False,186.77,144.08,0.33,,10088.88,2015,False,0
1616337345,0101de,MSR778  ,Egypt,1616337344,1616337344,2.0117,49.0358,12329.16,False,250.28,134.5,0.33,,12306.3,7501,False,0
1616341709,a82a8f,N625TX  ,United States,1616341709,1616341709,2.0049,49.0402,10668,False,184.07,134.55,0,,10690.86,6302,False,0
1616346505,39856d,AFR12BD ,France,1616346504,1616346504,2.0088,49.0531,2049.78,False,134.32,178.46,-8.45,,2156.46,1000,False,0
1616347625,48ad80,LOT335  ,Poland,1616347624,1616347625,2.0049,49.0381,1539.24,False,129.04,164.74,-4.23,,1661.16,1000,False,0
1616350544,39856c,AFR1511 ,France,1616350544,1616350544,2.0222,49.0524,1424.94,False,128.42,244.87,-2.28,,1546.86,1334,False,0
1616351060,44012f,AUA4EV  ,Austria,1616351058,1616351059,2.0244,49.0365,1127.76,False,120.62,125.45,0,,1249.68,1000,False,0
1616357845,3946e9,AFR14JV ,France,1616357844,1616357844,2.0077,49.0418,1409.7,False,133.18,168.86,-8.78,,1485.9,1000,False,0
1616357965,738050,ELY325  ,Israel,1616357964,1616357964,2.0322,49.0509,1424.94,False,134.41,199.68,-6.5,,1554.48,1000,False,0
1616378940,45ce48,SRR6646 ,Denmark,1616378939,1616378939,2.0268,49.0352,10668,False,255.29,229.09,0,,10721.34,4126,False,0
1616391345,c02ed9,ACA870  ,Canada,1616391345,1616391345,2.0174,49.0412,1402.08,False,121.09,130.87,-4.55,,1516.38,6314,False,0
1616394320,ab398a,DAL262  ,United States,1616394319,1616394319,2.0061,49.0491,1112.52,False,125.44,138.99,0.33,,1234.44,6325,False,0
1616394830,39cf05,AFR351  ,France,1616394830,1616394830,2.0317,49.0524,1143,False,134.93,130.98,-4.88,,1257.3,6322,False,0
1616400449,398566,AFR13FN ,France,1616400449,1616400449,2.0141,49.0371,1706.88,False,143.79,132.83,-7.15,,1828.8,6315,False,0
1616403694,39c423,AFR9265 ,France,1616403694,1616403694,2.0063,49.0517,1752.6,False,123.76,132.98,-4.88,,1866.9,6301,False,0
1616405289,346316,IBE30EL ,Spain,1616405289,1616405289,2.0294,49.0537,10980.42,False,217.36,28.87,0,,11071.86,1000,False,0
1616410555,3b77fc,CTM1104 ,France,1616410554,1616410554,2.0106,49.0475,1112.52,False,117.84,110.18,-0.33,,1234.44,,False,0
1616413449,406a95,EZY13FM ,United Kingdom,1616413449,1616413449,1.9997,49.0419,11887.2,False,223.61,144.08,-0.33,,11940.54,1161,False,0
1616454404,ad0799,FDX5029 ,United States,1616454404,1616454404,2.0301,49.0426,1447.8,False,121.14,183.65,-5.53,,1569.72,1000,False,0
1616470130,485343,KLM702  ,Kingdom of the Netherlands,1616470129,1616470129,1.9981,49.0369,13098.78,False,228.84,24.43,-0.33,,13106.4,1000,False,0
1616472049,3c70af,BCS90Y  ,Germany,1616472048,1616472049,2.0049,49.0486,1569.72,False,119.89,201.39,-1.63,,1684.02,1000,False,0
1616486385,398568,AFR12JA ,France,1616486384,1616486384,2.0258,49.0443,1516.38,False,136.45,133.63,-3.58,,1645.92,6340,False,0
1616492060,39c429,AFR475  ,France,1616492059,1616492059,2.0101,49.0477,1508.76,False,137.87,135.15,-7.15,,1653.54,6331,False,0
1616492994,5140a8,TGZ627  ,Georgia,1616492994,1616492994,2.012,49.0346,1821.18,False,121.9,201.8,-1.63,,1905,3204,False,0
1616538470,4ca285,ABR6BN  ,Ireland,1616538469,1616538470,2.0045,49.0389,1463.04,False,125.54,136.49,-6.5,,1577.34,0020,False,0
1616550770,49d276,TVS4325 ,Czech Republic,1616550769,1616550769,2.0147,49.0367,11582.4,False,233.62,32.5,0,,11635.74,2334,False,0
1616584270,3965ae,AFR9266 ,France,1616584269,1616584269,2.0295,49.0446,3223.26,False,148.67,274.76,5.2,,3337.56,,False,0
1616591070,39d08b,BLT024  ,France,1616591070,1616591070,2.019,49.0464,838.2,False,66.01,13.06,0.65,,952.5,,False,0
1616616754,ac50fa,FDX27   ,United States,1616616754,1616616754,2.0203,49.045,3276.6,False,160,274.61,5.53,,3375.66,,False,0
1616658485,34604d,AEA1091 ,Spain,1616658485,1616658485,2.0177,49.0421,10972.8,False,227.87,24.83,0,,10911.84,1000,False,0
1616666629,34520f,IBE33KG ,Spain,1616666629,1616666629,2.0056,49.0392,11582.4,False,231.68,31.01,0,,11544.3,2321,False,0
1616680205,398df5,FHDPV   ,France,1616680204,1616680204,1.996,49.0525,6096,False,107.44,33.08,-0.33,,6164.58,1000,False,0
1616727219,a026a5,FDX5047 ,United States,1616727219,1616727219,2.0094,49.046,3444.24,False,167.22,268.94,5.53,,3497.58,,False,0
1616740245,484f18,KLM22A  ,Kingdom of the Netherlands,1616740244,1616740245,2.0118,49.0394,11582.4,False,234.52,25.05,-0.33,,11452.86,1000,False,0
1616778304,440593,GAC583L ,Austria,1616778304,1616778304,1.9999,49.0386,10668,False,183.78,144,0,,10561.32,1000,False,0
1616857445,3c0ca7,TUI3DK  ,Germany,1616857444,1616857444,2.0305,49.0363,10058.4,False,239.12,233.57,0,,10043.16,4134,False,0
1616920735,3c64a1,DLH39W  ,Germany,1616920734,1616920734,2.0005,49.0447,10668,False,230.85,229.07,0,,10782.3,2556,False,0
1616926150,4403f0,EJU894X ,Austria,1616926150,1616926150,2.0218,49.0385,8107.68,False,201.95,31.14,-2.6,,8290.56,1000,False,0
1616961225,4d0128,CLX87Q  ,Luxembourg,1616961225,1616961225,2.0143,49.0478,9448.8,False,244.34,249.54,0,,9669.78,3505,False,0
1616962729,e4818c,TAM8071 ,Brazil,1616962729,1616962729,1.996,49.0497,10058.4,False,244.16,249.66,0,,10302.24,0121,False,0
1617003784,3986e8,AFR12BR ,France,1617003784,1617003784,2.0142,49.0454,3581.4,False,166.7,274.6,10.73,,3825.24,1000,False,0
1617004025,3950cb,AFR18ME ,France,1617004024,1617004025,2.0323,49.0439,3909.06,False,168.28,274.73,15.28,,4084.32,1000,False,0
1617008679,a4609c,N381SL  ,United States,1617008679,1617008679,2.0147,49.0532,2773.68,False,115.5,31.71,4.88,,3002.28,0660,False,0
1617011330,ab4e94,AAL49   ,United States,1617011329,1617011329,1.9969,49.0462,3284.22,False,164.5,273.95,4.88,,3512.82,0670,False,0
1617013795,399e61,FHHTB   ,France,1617013794,1617013794,2.0006,49.0378,281.94,False,65.88,345.53,0.33,,464.82,,False,0
1617017794,3c0d01,TUI2B   ,Germany,1617017794,1617017794,1.9992,49.0376,11277.6,False,221.36,229.05,0,,11544.3,4107,False,0
1617021954,39ac06,BLT211  ,France,1617021954,1617021954,2.0078,49.0495,1379.22,False,63.76,14.48,-0.33,,1577.34,4272,False,0
1617022499,39b96a,BLT071  ,France,1617022499,1617022499,2.0071,49.0358,1074.42,False,52.88,17.55,0,,1272.54,4271,False,0
1617022530,39b96a,BLT071  ,France,1617022529,1617022529,2.013,49.0491,1074.42,False,49.62,17.5,0,,1272.54,4271,False,0
1617025964,44b5b4,OOMMT   ,Belgium,1617025964,1617025964,2.0254,49.0385,12192,False,211.53,28.31,0,,12435.84,1000,False,0
1617038295,44083b,EJU438V ,Austria,1617038294,1617038294,2.0097,49.0463,9144,False,202.59,31.71,0,,9456.42,1000,False,0
1617044565,3986e4,AFR32ST ,France,1617044563,1617044564,2.0155,49.0354,5859.78,False,193.03,268.01,10.08,,6156.96,,False,0
1617054820,a03423,FDX5201 ,United States,1617054820,1617054820,2.0277,49.0494,1554.48,False,134.75,132.21,-3.25,,1760.22,6301,False,0
1617074235,3949e9,AFR075  ,France,1617074234,1617074234,1.9978,49.0467,2072.64,False,125.99,146.83,-8.78,,2293.62,6322,False,0
1617082105,39856d,AFR84YH ,France,1617082105,1617082105,1.9975,49.0412,1539.24,False,118.33,179.5,-2.93,,1744.98,1372,False,0
1617083155,39c429,AFR347  ,France,1617083155,1617083155,2.0043,49.043,1379.22,False,136.07,134.08,0.33,,1577.34,6314,False,0
1617083855,394a00,AFR007  ,France,1617083854,1617083854,1.9947,49.0485,1097.28,False,134.6,134.69,-2.28,,1295.4,6322,False,0
1617084995,3944ec,AFR28YJ ,France,1617084994,1617084994,2.0113,49.0425,1844.04,False,137.4,138.49,-8.45,,2004.06,6331,False,0
1617091550,3965a1,AFR065  ,France,1617091550,1617091550,2.0113,49.0369,1737.36,False,121.16,133.8,-2.28,,1950.72,6341,False,0
1617092900,394a14,AFR083  ,France,1617092900,1617092900,2.001,49.0395,1592.58,False,134.96,134.54,-6.83,,1821.18,6343,False,0
1617094100,44d068,BEL3633 ,Belgium,1617094100,1617094100,2.0207,49.049,1394.46,False,122.02,208.73,0,,1607.82,1000,False,0
1617104540,a801d3,FDX9142 ,United States,1617104540,1617104540,1.9959,49.0464,1546.86,False,133.87,135,-4.88,,1737.36,2316,False,0
1617120544,3b77ec,CTM3812 ,France,1617120544,1617120544,2.0214,49.0396,1112.52,False,121.6,222.6,-0.33,,1280.16,6552,False,0
1617121300,4d02da,JFA66J  ,Luxembourg,1617121299,1617121299,2.018,49.0482,10668,False,197.24,144.98,0,,10888.98,2243,False,0
1617122605,abed10,FDX30   ,United States,1617122605,1617122605,2.0094,49.0426,1493.52,False,123.18,129.41,-7.8,,1684.02,6305,False,0
1617124735,392ae2,AFR37CD ,France,1617124734,1617124734,2.022,49.0448,1866.9,False,115.32,134.46,-6.5,,2019.3,6302,False,0
1617133285,a3d91f,UPS219  ,United States,1617133284,1617133284,2.0203,49.0377,1737.36,False,122.59,134.83,-1.3,,1920.24,6321,False,0
1617140295,342551,SWT4CE  ,Spain,1617140294,1617140294,2.0016,49.0421,1127.76,False,105.58,167.05,-1.63,,1280.16,1000,False,0
1617142475,39a201,FPO4783 ,France,1617142475,1617142475,2.0131,49.0378,1120.14,False,107.15,146.16,0.33,,1287.78,3207,False,0
1617167920,39856a,AFR84YH ,France,1617167919,1617167919,1.9939,49.0532,1440.18,False,121.59,167.79,0,,1600.2,1000,False,0
1617177055,394a0d,AFR809  ,France,1617177054,1617177054,2.0323,49.0363,1501.14,False,137.73,129.7,-2.93,,1668.78,6342,False,0
1617179190,780b7f,CES7553 ,China,1617179189,1617179190,1.9987,49.0432,2110.74,False,126.04,179.77,-4.55,,2293.62,3510,False,0
1617186230,39c424,AFR475  ,France,1617186230,1617186230,2.0107,49.0515,1767.84,False,142.12,124.38,-8.13,,1935.48,6313,False,0
1617186385,4951f0,TAP9596 ,Portugal,1617186384,1617186384,2.0042,49.0541,12161.52,False,235.91,32.44,-5.2,,12329.16,1000,False,0
1617189730,394a0c,AFR179  ,France,1617189729,1617189729,2.0253,49.054,1821.18,False,141.03,138.4,-3.58,,1988.82,6350,False,0
1617195020,461fa8,FIN4BL  ,Finland,1617195020,1617195020,2.0133,49.0499,11582.4,False,237.37,29.9,0,,11711.94,2324,False,0
1617206375,34260e,IBE32EV ,Spain,1617206375,1617206375,2.0065,49.0417,10972.8,False,235.08,32.12,0,,11102.34,1000,False,0
1617208035,aba7d9,FDX30   ,United States,1617208035,1617208035,2.0038,49.054,1386.84,False,132.28,119.86,-1.95,,1524,6317,False,0
1617219130,a3918f,UPS219  ,United States,1617219130,1617219130,1.9984,49.0418,2095.5,False,119.75,130.12,-2.6,,2255.52,6311,False,0
1617223255,abed10,FDX96   ,United States,1617223255,1617223255,1.9972,49.0519,1181.1,False,121.24,120.05,-2.6,,1318.26,6323,False,0
1617224855,3b7544,CTM1045 ,France,1617224854,1617224854,1.9958,49.0375,1173.48,False,122.45,179.28,0,,1318.26,6401,False,0
1617226725,4ca60b,ABR8990 ,Ireland,1617226725,1617226725,2.0125,49.0512,1333.5,False,122.31,184.58,-5.2,,1455.42,1000,False,0
1617227960,4cabc3,ABR1RG  ,Ireland,1617227959,1617227960,2.0211,49.0451,2057.4,False,127.07,180.23,-6.5,,2186.94,4152,False,0
1617229390,aca9bf,FDX5203 ,United States,1617229390,1617229390,2.0145,49.051,1767.84,False,133.27,124.3,-2.6,,1912.62,6310,False,0
1617229450,3c70b6,BCS34A  ,Germany,1617229449,1617229449,2.0122,49.0438,11582.4,False,234.81,32.02,0,,11711.94,1000,False,0
1617251325,aa3417,AAL44   ,United States,1617251325,1617251325,2.0216,49.0505,1798.32,False,123.57,126.54,-5.53,,1935.48,6304,False,0
1617251805,39cf06,AFR225  ,France,1617251805,1617251805,2.0062,49.0385,1478.28,False,121.12,186.34,0,,1607.82,1000,False,0
1617254930,a0a522,UAL57   ,United States,1617254929,1617254930,2.0141,49.0383,1478.28,False,121.53,130.36,-0.98,,1607.82,6324,False,0
1617255710,ab1d30,DAL262  ,United States,1617255710,1617255710,1.9972,49.0505,1524,False,123.73,141.41,-5.53,,1661.16,6325,False,0
1617258085,3950c7,AFR28YJ ,France,1617258084,1617258085,2.0121,49.043,1699.26,False,117.71,140.68,-3.9,,1790.7,6333,False,0
1617258835,394a00,AFR007  ,France,1617258835,1617258835,2.0046,49.0427,2034.54,False,113.04,122.17,-5.2,,2186.94,6334,False,0
1617262585,3965a2,AFR5395 ,France,1617262584,1617262585,1.9942,49.0503,1394.46,False,133.93,121.49,-4.23,,1531.62,6344,False,0
1617273819,4242e2,AFL2454 ,United Kingdom,1617273819,1617273819,2.0132,49.0425,1394.46,False,124.5,180.24,-4.88,,1531.62,1000,False,0
1617274210,3991e9,AFR76UT ,France,1617274209,1617274209,2.0251,49.0341,1524,False,138.22,173.59,-13,,1684.02,1000,False,0
1617279775,3986e4,AFR57FA ,France,1617279774,1617279774,2.0125,49.0483,1912.62,False,128.1,179.77,-7.15,,2065.02,1000,False,0
1617283785,3950c3,AFR15AH ,France,1617283785,1617283785,2.0018,49.04,1463.04,False,128.1,180.46,-3.58,,1546.86,1000,False,0
1617290740,a037da,FDX5046 ,United States,1617290739,1617290739,2.0246,49.036,1729.74,False,125.64,121.61,-6.83,,1866.9,6314,False,0
1617292220,a07176,AMX003  ,United States,1617292219,1617292220,1.9939,49.0478,1828.8,False,125.51,135.83,-2.93,,1965.96,6311,False,0
1617296445,06a1ea,QTR8132 ,Qatar,1617296444,1617296444,2.0154,49.0526,11277.6,False,247.5,84.63,0,,11430,1140,False,0
1617309214,71c075,KAL504  ,Republic of Korea,1617309214,1617309214,1.9956,49.0509,1943.1,False,132.23,132,-2.93,,2095.5,6317,False,0
1617310030,abed10,FDX96   ,United States,1617310030,1617310030,2.0216,49.0477,1264.92,False,151.88,132.12,-5.53,,1409.7,6303,False,0
1617314040,a026a5,FDX5201 ,United States,1617314039,1617314039,2.0081,49.0528,1813.56,False,121.67,131.92,-6.5,,1965.96,6305,False,0
1617315134,ad0799,FDX5029 ,United States,1617315134,1617315134,2.0109,49.038,1303.02,False,124.56,178.11,-2.93,,1424.94,1000,False,0
1617340870,8990db,EVA087  ,Taiwan,1617340869,1617340869,2.0214,49.0517,1447.8,False,136.13,216.39,-0.98,,1577.34,3520,False,0
1617343839,3950c1,AFR76PH ,France,1617343839,1617343839,1.9933,49.0434,1135.38,False,128.65,181.37,0,,1203.96,5663,False,0
1617345100,8005eb,AIC179  ,India,1617345099,1617345100,2.02,49.0412,1135.38,False,128.74,182.52,-0.33,,1257.3,3212,False,0
1617347620,4ca935,EIN52A  ,Ireland,1617347619,1617347619,1.9953,49.0448,1440.18,False,145.34,131.99,0,,1577.34,6305,False,0
1617347830,ab7613,AAL48   ,United States,1617347829,1617347829,2.0047,49.0369,2400.3,False,117.94,132.88,-5.2,,2537.46,0766,False,0
1617352215,394a01,AFR065  ,France,1617352214,1617352215,1.9958,49.0349,1874.52,False,151.09,132.65,-6.83,,2004.06,6301,False,0
1617363220,3c4969,TUI3DK  ,Germany,1617363219,1617363220,2.0286,49.0429,10668,False,236.5,226.23,0,,10820.4,4134,False,0
1617363705,7808e6,CES7553 ,China,1617363704,1617363704,2.03,49.0469,1874.52,False,133.92,220.48,-5.2,,2004.06,3524,False,0
1617364455,394a0e,AFR943  ,France,1617364455,1617364455,2.0254,49.0525,1135.38,False,134.97,134.23,0,,1257.3,6332,False,0
1617364700,399e61,FHHTB   ,France,1617364700,1617364700,1.9956,49.05,266.7,False,70.21,171.57,0.65,,396.24,,False,0
1617364880,3950c7,AFR98HL ,France,1617364879,1617364879,2.0182,49.048,1127.76,False,126.32,168.96,0.33,,1196.34,1000,False,0
1617367835,ac10d8,FDX5030 ,United States,1617367834,1617367835,2.0182,49.0505,1325.88,False,128.89,189.65,-7.48,,1447.8,4125,False,0
1617369439,3950cd,AFR17YC ,France,1617369439,1617369439,2.0049,49.0409,1135.38,False,118.11,160.93,-0.33,,1196.34,1000,False,0
1617370370,4b8466,THY6279 ,Turkey,1617370369,1617370370,1.9989,49.0403,1135.38,False,89.83,143.85,-0.65,,1242.06,3206,False,0
1617371575,44cc74,AAB444  ,Belgium,1617371575,1617371575,2.0085,49.0403,9296.4,False,209.19,31.42,-7.15,,9456.42,1000,False,0
1617373805,3986e8,AFR59LD ,France,1617373805,1617373805,2.0072,49.0526,1440.18,False,132.1,251.14,-1.63,,1562.1,1000,False,0
1617374775,48597e,TRA81G  ,Kingdom of the Netherlands,1617374775,1617374775,2.0104,49.0411,10363.2,False,214.46,29.46,0,,10523.22,5517,False,0
1617382655,ac5868,FDX30   ,United States,1617382655,1617382655,1.9983,49.0464,1394.46,False,121.76,131.23,-3.58,,1508.76,6306,False,0
1617383895,ac148f,FDX5217 ,United States,1617383894,1617383895,2.0298,49.0418,1211.58,False,114.89,160.1,-2.93,,1333.5,1000,False,0
1617393349,a7da54,FDX9144 ,United States,1617393349,1617393349,1.994,49.0372,1691.64,False,128.64,120.26,-3.58,,1821.18,6305,False,0
1617421175,7804a7,CES553  ,China,1617421174,1617421175,2.0062,49.0364,1112.52,False,119.58,138.84,0.65,,1234.44,3515,False,0
1617422825,040173,ETH704  ,Ethiopia,1617422825,1617422825,2.0039,49.0539,2087.88,False,147.89,185.79,-8.45,,2186.94,1000,False,0
1617423815,aac6ee,AAL44   ,United States,1617423814,1617423815,1.9955,49.0377,1112.52,False,93.94,118.81,0.98,,1226.82,6303,False,0
1617425505,394a02,AFR703  ,France,1617425504,1617425504,2.003,49.0421,1577.34,False,125.25,157.54,-4.88,,1691.64,6414,False,0
1617428835,3950c5,AFR78KQ ,France,1617428834,1617428835,2.015,49.05,1104.9,False,121.52,158.65,0,,1173.48,1000,False,0
1617433215,4074b7,EZY84CZ ,United Kingdom,1617433215,1617433215,2.0129,49.0449,11887.2,False,217.39,144.73,0,,11955.78,5216,False,0
1617439705,394a00,AFR689  ,France,1617439704,1617439704,2.0195,49.0419,1516.38,False,136.35,125.79,-5.2,,1638.3,6312,False,0
1617439944,394a13,AFR763  ,France,1617439944,1617439944,2.0249,49.054,2072.64,False,127.35,133.69,-5.53,,2202.18,6313,False,0
1617441385,a65092,DAL83   ,United States,1617441385,1617441385,2.0015,49.0516,4693.92,False,218.76,268.11,6.83,,4831.08,5646,False,0
1617448295,89655a,UAE73   ,United Arab Emirates,1617448295,1617448295,2.0105,49.046,1203.96,False,123.23,157.93,-0.98,,1333.5,3210,False,0
1617449680,3950c5,AFR42XQ ,France,1617449679,1617449679,1.9998,49.0454,1493.52,False,120.89,180,-2.93,,1569.72,3533,False,0
1617462720,3949ec,AFR762  ,France,1617462719,1617462719,2.0162,49.0361,5021.58,False,209.98,268.32,11.05,,5166.36,5607,False,0
1617472005,8964a7,UAE75   ,United Arab Emirates,1617472004,1617472004,2.0169,49.0345,1211.58,False,104.13,126.36,-1.95,,1341.12,3210,False,0
1617472189,a821e4,FDX34   ,United States,1617472189,1617472189,2.0252,49.047,1112.52,False,114.43,120.83,0,,1242.06,6316,False,0
1617472550,3c542a,BCS89N  ,Germany,1617472549,1617472550,2.0093,49.0533,1661.16,False,111.95,127.34,-2.6,,1775.46,6324,False,0
1617474115,49528f,TAP2860 ,Portugal,1617474115,1617474115,2.0251,49.0368,11887.2,False,238.15,229.12,-0.33,,11963.4,1126,False,0
1617482770,71c005,KAL504  ,Republic of Korea,1617482769,1617482770,2.0255,49.042,1638.3,False,113.33,125.21,-2.93,,1767.84,6304,False,0
